a5c3ef8268 href,e75f1d9859 src,fde444d7ef,_4310f7077 href,af1ddfc958,_4abc4c3d5,_4310f7077 href 2,_9c5f726ff,_9c5f726ff 2,_4abc4c3d5 2,_2c7126bf4,_4310f7077 href 3,_8ae9a3c91,_c1c7d8954 3
https://www.booking.com/hotel/np/seven-steps-guest-house.html?label=gen173nr-1DCAEoggI46AdIM1gEaKsBiAEBmAExuAEYyAEM2AED6AEB-AEDiAIBqAIEuAK52_6QBsACAdICJGU3ODE5NmQwLTk1MTctNDY3OS1hMjA1LTljYjVjMDIxZDUwNdgCBOACAQ&sid=227ff6033aebd29d4840b3ce59ae3a80&aid=304142&ucfs=1&arphpl=1&dest_id=148&dest_type=country&group_adults=2&req_adults=2&no_rooms=1&group_children=0&req_children=0&hpos=1&hapos=1&sr_order=popularity&srpvid=40f27d2342b700ba&srepoch=1646243273&from=searchresults#hotelTmpl,https://cf.bstatic.com/xdata/images/hotel/square200/222116347.webp?k=0f5c2da25b49ed3f7ea8ea0f28caf5b2a3c7c28ae496c1a02cdf4f8b613ad604&o=&s=1,Seven Steps Guest House,https://www.booking.com/hotel/np/seven-steps-guest-house.html?label=gen173nr-1DCAEoggI46AdIM1gEaKsBiAEBmAExuAEYyAEM2AED6AEB-AEDiAIBqAIEuAK52_6QBsACAdICJGU3ODE5NmQwLTk1MTctNDY3OS1hMjA1LTljYjVjMDIxZDUwNdgCBOACAQ&sid=227ff6033aebd29d4840b3ce59ae3a80&aid=304142&ucfs=1&arphpl=1&dest_id=148&dest_type=country&group_adults=2&req_adults=2&no_rooms=1&group_children=0&req_children=0&hpos=1&hapos=1&sr_order=popularity&srpvid=40f27d2342b700ba&srepoch=1646243273&from=searchresults&map=1,Muglaha,"Seven Steps Guest House is offering accommodations in Muglaha. Among the facilities of this property are a restaurant, room service and a shared lounge, along with free WiFi.",https://www.booking.com/hotel/np/seven-steps-guest-house.html?label=gen173nr-1DCAEoggI46AdIM1gEaKsBiAEBmAExuAEYyAEM2AED6AEB-AEDiAIBqAIEuAK52_6QBsACAdICJGU3ODE5NmQwLTk1MTctNDY3OS1hMjA1LTljYjVjMDIxZDUwNdgCBOACAQ&sid=227ff6033aebd29d4840b3ce59ae3a80&aid=304142&ucfs=1&arphpl=1&dest_id=148&dest_type=country&group_adults=2&req_adults=2&no_rooms=1&group_children=0&req_children=0&hpos=1&hapos=1&sr_order=popularity&srpvid=40f27d2342b700ba&srepoch=1646243273&from=searchresults#hotelTmpl,8.0,Very Good,22 reviews,,,,
https://www.booking.com/hotel/np/rest-up-kathmandu-hostel.html?label=gen173nr-1DCAEoggI46AdIM1gEaKsBiAEBmAExuAEYyAEM2AED6AEB-AEDiAIBqAIEuAK52_6QBsACAdICJGU3ODE5NmQwLTk1MTctNDY3OS1hMjA1LTljYjVjMDIxZDUwNdgCBOACAQ&sid=227ff6033aebd29d4840b3ce59ae3a80&aid=304142&ucfs=1&arphpl=1&dest_id=148&dest_type=country&group_adults=2&req_adults=2&no_rooms=1&group_children=0&req_children=0&hpos=2&hapos=2&sr_order=popularity&srpvid=40f27d2342b700ba&srepoch=1646243273&from_sustainable_property_sr=1&from=searchresults#hotelTmpl,https://cf.bstatic.com/xdata/images/hotel/square200/186451628.webp?k=cd13e9b310d615fdb78da707ebdf68787d0e7c3531390c67493e0b94090498fc&o=&s=1,Rest Up Kathmandu Hostel,https://www.booking.com/hotel/np/rest-up-kathmandu-hostel.html?label=gen173nr-1DCAEoggI46AdIM1gEaKsBiAEBmAExuAEYyAEM2AED6AEB-AEDiAIBqAIEuAK52_6QBsACAdICJGU3ODE5NmQwLTk1MTctNDY3OS1hMjA1LTljYjVjMDIxZDUwNdgCBOACAQ&sid=227ff6033aebd29d4840b3ce59ae3a80&aid=304142&ucfs=1&arphpl=1&dest_id=148&dest_type=country&group_adults=2&req_adults=2&no_rooms=1&group_children=0&req_children=0&hpos=2&hapos=2&sr_order=popularity&srpvid=40f27d2342b700ba&srepoch=1646243273&from_sustainable_property_sr=1&from=searchresults&map=1,"Thamel, Kathmandu","Located in Kathmandu, a 20-minute walk from Hanuman Dhoka, Rest Up Kathmandu Hostel has accommodations with a restaurant, free private parking, a bar and a shared lounge.",https://www.booking.com/hotel/np/rest-up-kathmandu-hostel.html?label=gen173nr-1DCAEoggI46AdIM1gEaKsBiAEBmAExuAEYyAEM2AED6AEB-AEDiAIBqAIEuAK52_6QBsACAdICJGU3ODE5NmQwLTk1MTctNDY3OS1hMjA1LTljYjVjMDIxZDUwNdgCBOACAQ&sid=227ff6033aebd29d4840b3ce59ae3a80&aid=304142&ucfs=1&arphpl=1&dest_id=148&dest_type=country&group_adults=2&req_adults=2&no_rooms=1&group_children=0&req_children=0&hpos=2&hapos=2&sr_order=popularity&srpvid=40f27d2342b700ba&srepoch=1646243273&from_sustainable_property_sr=1&from=searchresults#hotelTmpl,8.9,Excellent,735 reviews,Travel Sustainable property,https://www.booking.com/hotel/np/rest-up-kathmandu-hostel.html?label=gen173nr-1DCAEoggI46AdIM1gEaKsBiAEBmAExuAEYyAEM2AED6AEB-AEDiAIBqAIEuAK52_6QBsACAdICJGU3ODE5NmQwLTk1MTctNDY3OS1hMjA1LTljYjVjMDIxZDUwNdgCBOACAQ&sid=227ff6033aebd29d4840b3ce59ae3a80&aid=304142&ucfs=1&arphpl=1&dest_id=148&dest_type=country&group_adults=2&req_adults=2&no_rooms=1&group_children=0&req_children=0&hpos=2&hapos=2&sr_order=popularity&srpvid=40f27d2342b700ba&srepoch=1646243273&from_sustainable_property_sr=1&from=searchresults#hotelTmpl,Location 9.4,Opens in new window
https://www.booking.com/hotel/np/blue-horizon.html?label=gen173nr-1DCAEoggI46AdIM1gEaKsBiAEBmAExuAEYyAEM2AED6AEB-AEDiAIBqAIEuAK52_6QBsACAdICJGU3ODE5NmQwLTk1MTctNDY3OS1hMjA1LTljYjVjMDIxZDUwNdgCBOACAQ&sid=227ff6033aebd29d4840b3ce59ae3a80&aid=304142&ucfs=1&arphpl=1&dest_id=148&dest_type=country&group_adults=2&req_adults=2&no_rooms=1&group_children=0&req_children=0&hpos=3&hapos=3&sr_order=popularity&srpvid=40f27d2342b700ba&srepoch=1646243273&from=searchresults#hotelTmpl,https://cf.bstatic.com/xdata/images/hotel/square200/182083669.webp?k=32ed02038ffb16d98d67d715898fa717776f673d00f9c936af148c32a55ee61e&o=&s=1,Hotel Blue Horizon,https://www.booking.com/hotel/np/blue-horizon.html?label=gen173nr-1DCAEoggI46AdIM1gEaKsBiAEBmAExuAEYyAEM2AED6AEB-AEDiAIBqAIEuAK52_6QBsACAdICJGU3ODE5NmQwLTk1MTctNDY3OS1hMjA1LTljYjVjMDIxZDUwNdgCBOACAQ&sid=227ff6033aebd29d4840b3ce59ae3a80&aid=304142&ucfs=1&arphpl=1&dest_id=148&dest_type=country&group_adults=2&req_adults=2&no_rooms=1&group_children=0&req_children=0&hpos=3&hapos=3&sr_order=popularity&srpvid=40f27d2342b700ba&srepoch=1646243273&from=searchresults&map=1,"Thamel, Kathmandu","Offering free WiFi throughout the hotel, Hotel Blue Horizon is located in a peaceful Buddhist residential area. The property features a rooftop garden.",https://www.booking.com/hotel/np/blue-horizon.html?label=gen173nr-1DCAEoggI46AdIM1gEaKsBiAEBmAExuAEYyAEM2AED6AEB-AEDiAIBqAIEuAK52_6QBsACAdICJGU3ODE5NmQwLTk1MTctNDY3OS1hMjA1LTljYjVjMDIxZDUwNdgCBOACAQ&sid=227ff6033aebd29d4840b3ce59ae3a80&aid=304142&ucfs=1&arphpl=1&dest_id=148&dest_type=country&group_adults=2&req_adults=2&no_rooms=1&group_children=0&req_children=0&hpos=3&hapos=3&sr_order=popularity&srpvid=40f27d2342b700ba&srepoch=1646243273&from=searchresults#hotelTmpl,8.9,Excellent,227 reviews,,https://www.booking.com/hotel/np/blue-horizon.html?label=gen173nr-1DCAEoggI46AdIM1gEaKsBiAEBmAExuAEYyAEM2AED6AEB-AEDiAIBqAIEuAK52_6QBsACAdICJGU3ODE5NmQwLTk1MTctNDY3OS1hMjA1LTljYjVjMDIxZDUwNdgCBOACAQ&sid=227ff6033aebd29d4840b3ce59ae3a80&aid=304142&ucfs=1&arphpl=1&dest_id=148&dest_type=country&group_adults=2&req_adults=2&no_rooms=1&group_children=0&req_children=0&hpos=3&hapos=3&sr_order=popularity&srpvid=40f27d2342b700ba&srepoch=1646243273&from=searchresults#hotelTmpl,Location 9.4,Opens in new window
https://www.booking.com/hotel/np/the-old-inn-kathmandu.html?label=gen173nr-1DCAEoggI46AdIM1gEaKsBiAEBmAExuAEYyAEM2AED6AEB-AEDiAIBqAIEuAK52_6QBsACAdICJGU3ODE5NmQwLTk1MTctNDY3OS1hMjA1LTljYjVjMDIxZDUwNdgCBOACAQ&sid=227ff6033aebd29d4840b3ce59ae3a80&aid=304142&ucfs=1&arphpl=1&dest_id=148&dest_type=country&group_adults=2&req_adults=2&no_rooms=1&group_children=0&req_children=0&hpos=4&hapos=4&sr_order=popularity&srpvid=40f27d2342b700ba&srepoch=1646243273&from_sustainable_property_sr=1&from=searchresults#hotelTmpl,https://cf.bstatic.com/xdata/images/hotel/square200/91435621.webp?k=28991e2ac20a200c45a1a929d1d63453ccff5de165e0cbdec64147e2eea7d80b&o=&s=1,The Old Inn,https://www.booking.com/hotel/np/the-old-inn-kathmandu.html?label=gen173nr-1DCAEoggI46AdIM1gEaKsBiAEBmAExuAEYyAEM2AED6AEB-AEDiAIBqAIEuAK52_6QBsACAdICJGU3ODE5NmQwLTk1MTctNDY3OS1hMjA1LTljYjVjMDIxZDUwNdgCBOACAQ&sid=227ff6033aebd29d4840b3ce59ae3a80&aid=304142&ucfs=1&arphpl=1&dest_id=148&dest_type=country&group_adults=2&req_adults=2&no_rooms=1&group_children=0&req_children=0&hpos=4&hapos=4&sr_order=popularity&srpvid=40f27d2342b700ba&srepoch=1646243273&from_sustainable_property_sr=1&from=searchresults&map=1,Bandipur,-Rural Heritageâ€™s base in the Middle Hills of Nepal is The Old Inn at Bandipur.,https://www.booking.com/hotel/np/the-old-inn-kathmandu.html?label=gen173nr-1DCAEoggI46AdIM1gEaKsBiAEBmAExuAEYyAEM2AED6AEB-AEDiAIBqAIEuAK52_6QBsACAdICJGU3ODE5NmQwLTk1MTctNDY3OS1hMjA1LTljYjVjMDIxZDUwNdgCBOACAQ&sid=227ff6033aebd29d4840b3ce59ae3a80&aid=304142&ucfs=1&arphpl=1&dest_id=148&dest_type=country&group_adults=2&req_adults=2&no_rooms=1&group_children=0&req_children=0&hpos=4&hapos=4&sr_order=popularity&srpvid=40f27d2342b700ba&srepoch=1646243273&from_sustainable_property_sr=1&from=searchresults#hotelTmpl,8.2,Very Good,5 reviews,,https://www.booking.com/hotel/np/the-old-inn-kathmandu.html?label=gen173nr-1DCAEoggI46AdIM1gEaKsBiAEBmAExuAEYyAEM2AED6AEB-AEDiAIBqAIEuAK52_6QBsACAdICJGU3ODE5NmQwLTk1MTctNDY3OS1hMjA1LTljYjVjMDIxZDUwNdgCBOACAQ&sid=227ff6033aebd29d4840b3ce59ae3a80&aid=304142&ucfs=1&arphpl=1&dest_id=148&dest_type=country&group_adults=2&req_adults=2&no_rooms=1&group_children=0&req_children=0&hpos=4&hapos=4&sr_order=popularity&srpvid=40f27d2342b700ba&srepoch=1646243273&from_sustainable_property_sr=1&from=searchresults#hotelTmpl,Location 9.5,Opens in new window
https://www.booking.com/hotel/np/samsara-resort.html?label=gen173nr-1DCAEoggI46AdIM1gEaKsBiAEBmAExuAEYyAEM2AED6AEB-AEDiAIBqAIEuAK52_6QBsACAdICJGU3ODE5NmQwLTk1MTctNDY3OS1hMjA1LTljYjVjMDIxZDUwNdgCBOACAQ&sid=227ff6033aebd29d4840b3ce59ae3a80&aid=304142&ucfs=1&arphpl=1&dest_id=148&dest_type=country&group_adults=2&req_adults=2&no_rooms=1&group_children=0&req_children=0&hpos=5&hapos=5&sr_order=popularity&srpvid=40f27d2342b700ba&srepoch=1646243273&from=searchresults#hotelTmpl,https://cf.bstatic.com/xdata/images/hotel/square200/121084571.webp?k=2a6477f9a202c98d6a1260695e68ad66b22faf400e9ae6562cfcf3d299f32526&o=&s=1,Samsara Boutique Hotel,https://www.booking.com/hotel/np/samsara-resort.html?label=gen173nr-1DCAEoggI46AdIM1gEaKsBiAEBmAExuAEYyAEM2AED6AEB-AEDiAIBqAIEuAK52_6QBsACAdICJGU3ODE5NmQwLTk1MTctNDY3OS1hMjA1LTljYjVjMDIxZDUwNdgCBOACAQ&sid=227ff6033aebd29d4840b3ce59ae3a80&aid=304142&ucfs=1&arphpl=1&dest_id=148&dest_type=country&group_adults=2&req_adults=2&no_rooms=1&group_children=0&req_children=0&hpos=5&hapos=5&sr_order=popularity&srpvid=40f27d2342b700ba&srepoch=1646243273&from=searchresults&map=1,"Thamel, Kathmandu","Featuring complimentary parking and rooms with free Wi-Fi access, this Kathmandu property features a spacious lawn. It also houses a business center and a 24-hour restaurant.",https://www.booking.com/hotel/np/samsara-resort.html?label=gen173nr-1DCAEoggI46AdIM1gEaKsBiAEBmAExuAEYyAEM2AED6AEB-AEDiAIBqAIEuAK52_6QBsACAdICJGU3ODE5NmQwLTk1MTctNDY3OS1hMjA1LTljYjVjMDIxZDUwNdgCBOACAQ&sid=227ff6033aebd29d4840b3ce59ae3a80&aid=304142&ucfs=1&arphpl=1&dest_id=148&dest_type=country&group_adults=2&req_adults=2&no_rooms=1&group_children=0&req_children=0&hpos=5&hapos=5&sr_order=popularity&srpvid=40f27d2342b700ba&srepoch=1646243273&from=searchresults#hotelTmpl,8.4,Very Good,223 reviews,,,,
https://www.booking.com/hotel/np/shanker-kathmandu.html?label=gen173nr-1DCAEoggI46AdIM1gEaKsBiAEBmAExuAEYyAEM2AED6AEB-AEDiAIBqAIEuAK52_6QBsACAdICJGU3ODE5NmQwLTk1MTctNDY3OS1hMjA1LTljYjVjMDIxZDUwNdgCBOACAQ&sid=227ff6033aebd29d4840b3ce59ae3a80&aid=304142&ucfs=1&arphpl=1&dest_id=148&dest_type=country&group_adults=2&req_adults=2&no_rooms=1&group_children=0&req_children=0&hpos=6&hapos=6&sr_order=popularity&srpvid=40f27d2342b700ba&srepoch=1646243273&from_sustainable_property_sr=1&from=searchresults#hotelTmpl,https://cf.bstatic.com/xdata/images/hotel/square200/180462044.webp?k=1cc204595c71dafe057689c4c75daec9cd3495dfd58d518aa75d33f32005f770&o=&s=1,Hotel Shanker,https://www.booking.com/hotel/np/shanker-kathmandu.html?label=gen173nr-1DCAEoggI46AdIM1gEaKsBiAEBmAExuAEYyAEM2AED6AEB-AEDiAIBqAIEuAK52_6QBsACAdICJGU3ODE5NmQwLTk1MTctNDY3OS1hMjA1LTljYjVjMDIxZDUwNdgCBOACAQ&sid=227ff6033aebd29d4840b3ce59ae3a80&aid=304142&ucfs=1&arphpl=1&dest_id=148&dest_type=country&group_adults=2&req_adults=2&no_rooms=1&group_children=0&req_children=0&hpos=6&hapos=6&sr_order=popularity&srpvid=40f27d2342b700ba&srepoch=1646243273&from_sustainable_property_sr=1&from=searchresults&map=1,"Lazimpat, Kathmandu","Hotel Shanker is located in Kathmandu, next to Narayanhiti Palace Museum. The hotel offers an outdoor swimming pool and spa. Four dining options are available and parking is free.",https://www.booking.com/hotel/np/shanker-kathmandu.html?label=gen173nr-1DCAEoggI46AdIM1gEaKsBiAEBmAExuAEYyAEM2AED6AEB-AEDiAIBqAIEuAK52_6QBsACAdICJGU3ODE5NmQwLTk1MTctNDY3OS1hMjA1LTljYjVjMDIxZDUwNdgCBOACAQ&sid=227ff6033aebd29d4840b3ce59ae3a80&aid=304142&ucfs=1&arphpl=1&dest_id=148&dest_type=country&group_adults=2&req_adults=2&no_rooms=1&group_children=0&req_children=0&hpos=6&hapos=6&sr_order=popularity&srpvid=40f27d2342b700ba&srepoch=1646243273&from_sustainable_property_sr=1&from=searchresults#hotelTmpl,8.4,Very Good,837 reviews,Travel Sustainable property,,,
https://www.booking.com/hotel/np/orchid.html?label=gen173nr-1DCAEoggI46AdIM1gEaKsBiAEBmAExuAEYyAEM2AED6AEB-AEDiAIBqAIEuAK52_6QBsACAdICJGU3ODE5NmQwLTk1MTctNDY3OS1hMjA1LTljYjVjMDIxZDUwNdgCBOACAQ&sid=227ff6033aebd29d4840b3ce59ae3a80&aid=304142&ucfs=1&arphpl=1&dest_id=148&dest_type=country&group_adults=2&req_adults=2&no_rooms=1&group_children=0&req_children=0&hpos=7&hapos=7&sr_order=popularity&srpvid=40f27d2342b700ba&srepoch=1646243273&from=searchresults#hotelTmpl,https://cf.bstatic.com/xdata/images/hotel/square200/124461410.webp?k=dd62d5b1c14f8a76dbd79853e112230f9edab730893f7d21a4cc49ae77dca23e&o=&s=1,Hotel Orchid,https://www.booking.com/hotel/np/orchid.html?label=gen173nr-1DCAEoggI46AdIM1gEaKsBiAEBmAExuAEYyAEM2AED6AEB-AEDiAIBqAIEuAK52_6QBsACAdICJGU3ODE5NmQwLTk1MTctNDY3OS1hMjA1LTljYjVjMDIxZDUwNdgCBOACAQ&sid=227ff6033aebd29d4840b3ce59ae3a80&aid=304142&ucfs=1&arphpl=1&dest_id=148&dest_type=country&group_adults=2&req_adults=2&no_rooms=1&group_children=0&req_children=0&hpos=7&hapos=7&sr_order=popularity&srpvid=40f27d2342b700ba&srepoch=1646243273&from=searchresults&map=1,Pokhara,"Offering a tranquil escape, Hotel Orchid is a 5-minute walk to Fewa Lake and offers views of the Himalayas and Peace Pagoda.",https://www.booking.com/hotel/np/orchid.html?label=gen173nr-1DCAEoggI46AdIM1gEaKsBiAEBmAExuAEYyAEM2AED6AEB-AEDiAIBqAIEuAK52_6QBsACAdICJGU3ODE5NmQwLTk1MTctNDY3OS1hMjA1LTljYjVjMDIxZDUwNdgCBOACAQ&sid=227ff6033aebd29d4840b3ce59ae3a80&aid=304142&ucfs=1&arphpl=1&dest_id=148&dest_type=country&group_adults=2&req_adults=2&no_rooms=1&group_children=0&req_children=0&hpos=7&hapos=7&sr_order=popularity&srpvid=40f27d2342b700ba&srepoch=1646243273&from=searchresults#hotelTmpl,8.9,Excellent,139 reviews,,,,
https://www.booking.com/hotel/np/jampa.html?label=gen173nr-1DCAEoggI46AdIM1gEaKsBiAEBmAExuAEYyAEM2AED6AEB-AEDiAIBqAIEuAK52_6QBsACAdICJGU3ODE5NmQwLTk1MTctNDY3OS1hMjA1LTljYjVjMDIxZDUwNdgCBOACAQ&sid=227ff6033aebd29d4840b3ce59ae3a80&aid=304142&ucfs=1&arphpl=1&dest_id=148&dest_type=country&group_adults=2&req_adults=2&no_rooms=1&group_children=0&req_children=0&hpos=8&hapos=8&sr_order=popularity&srpvid=40f27d2342b700ba&srepoch=1646243273&from_sustainable_property_sr=1&from=searchresults#hotelTmpl,https://cf.bstatic.com/xdata/images/hotel/square200/173753181.webp?k=8ff5e90bbcd8c96f2af756bd9f85d987144a5a8977c308767b6eddafb1ca276f&o=&s=1,Hotel Jampa,https://www.booking.com/hotel/np/jampa.html?label=gen173nr-1DCAEoggI46AdIM1gEaKsBiAEBmAExuAEYyAEM2AED6AEB-AEDiAIBqAIEuAK52_6QBsACAdICJGU3ODE5NmQwLTk1MTctNDY3OS1hMjA1LTljYjVjMDIxZDUwNdgCBOACAQ&sid=227ff6033aebd29d4840b3ce59ae3a80&aid=304142&ucfs=1&arphpl=1&dest_id=148&dest_type=country&group_adults=2&req_adults=2&no_rooms=1&group_children=0&req_children=0&hpos=8&hapos=8&sr_order=popularity&srpvid=40f27d2342b700ba&srepoch=1646243273&from_sustainable_property_sr=1&from=searchresults&map=1,"Thamel, Kathmandu",Hotel Jampa is set in Thamel and provides air-conditioned rooms with free WiFi. The property is 1.8 mi from Kathmandu Durbar Square and 1.9 mi from Swayambhunath Temple.,https://www.booking.com/hotel/np/jampa.html?label=gen173nr-1DCAEoggI46AdIM1gEaKsBiAEBmAExuAEYyAEM2AED6AEB-AEDiAIBqAIEuAK52_6QBsACAdICJGU3ODE5NmQwLTk1MTctNDY3OS1hMjA1LTljYjVjMDIxZDUwNdgCBOACAQ&sid=227ff6033aebd29d4840b3ce59ae3a80&aid=304142&ucfs=1&arphpl=1&dest_id=148&dest_type=country&group_adults=2&req_adults=2&no_rooms=1&group_children=0&req_children=0&hpos=8&hapos=8&sr_order=popularity&srpvid=40f27d2342b700ba&srepoch=1646243273&from_sustainable_property_sr=1&from=searchresults#hotelTmpl,9.2,Wonderful,909 reviews,,https://www.booking.com/hotel/np/jampa.html?label=gen173nr-1DCAEoggI46AdIM1gEaKsBiAEBmAExuAEYyAEM2AED6AEB-AEDiAIBqAIEuAK52_6QBsACAdICJGU3ODE5NmQwLTk1MTctNDY3OS1hMjA1LTljYjVjMDIxZDUwNdgCBOACAQ&sid=227ff6033aebd29d4840b3ce59ae3a80&aid=304142&ucfs=1&arphpl=1&dest_id=148&dest_type=country&group_adults=2&req_adults=2&no_rooms=1&group_children=0&req_children=0&hpos=8&hapos=8&sr_order=popularity&srpvid=40f27d2342b700ba&srepoch=1646243273&from_sustainable_property_sr=1&from=searchresults#hotelTmpl,Location 9.4,Opens in new window
https://www.booking.com/hotel/np/potala-guest-house.html?label=gen173nr-1DCAEoggI46AdIM1gEaKsBiAEBmAExuAEYyAEM2AED6AEB-AEDiAIBqAIEuAK52_6QBsACAdICJGU3ODE5NmQwLTk1MTctNDY3OS1hMjA1LTljYjVjMDIxZDUwNdgCBOACAQ&sid=227ff6033aebd29d4840b3ce59ae3a80&aid=304142&ucfs=1&arphpl=1&dest_id=148&dest_type=country&group_adults=2&req_adults=2&no_rooms=1&group_children=0&req_children=0&hpos=9&hapos=9&sr_order=popularity&srpvid=40f27d2342b700ba&srepoch=1646243273&from=searchresults#hotelTmpl,https://cf.bstatic.com/xdata/images/hotel/square200/91996631.webp?k=0131f63dd94f459dc86d0023ea99b9bfe9a28073b7ee6268412b6b7c2182ade4&o=&s=1,Potala Guest House,https://www.booking.com/hotel/np/potala-guest-house.html?label=gen173nr-1DCAEoggI46AdIM1gEaKsBiAEBmAExuAEYyAEM2AED6AEB-AEDiAIBqAIEuAK52_6QBsACAdICJGU3ODE5NmQwLTk1MTctNDY3OS1hMjA1LTljYjVjMDIxZDUwNdgCBOACAQ&sid=227ff6033aebd29d4840b3ce59ae3a80&aid=304142&ucfs=1&arphpl=1&dest_id=148&dest_type=country&group_adults=2&req_adults=2&no_rooms=1&group_children=0&req_children=0&hpos=9&hapos=9&sr_order=popularity&srpvid=40f27d2342b700ba&srepoch=1646243273&from=searchresults&map=1,"Thamel, Kathmandu","Conveniently located in the center of the Thamel,Kathmandu, Potala Guest house provides spacious, comfortable rooms equipped with private bathrooms.",https://www.booking.com/hotel/np/potala-guest-house.html?label=gen173nr-1DCAEoggI46AdIM1gEaKsBiAEBmAExuAEYyAEM2AED6AEB-AEDiAIBqAIEuAK52_6QBsACAdICJGU3ODE5NmQwLTk1MTctNDY3OS1hMjA1LTljYjVjMDIxZDUwNdgCBOACAQ&sid=227ff6033aebd29d4840b3ce59ae3a80&aid=304142&ucfs=1&arphpl=1&dest_id=148&dest_type=country&group_adults=2&req_adults=2&no_rooms=1&group_children=0&req_children=0&hpos=9&hapos=9&sr_order=popularity&srpvid=40f27d2342b700ba&srepoch=1646243273&from=searchresults#hotelTmpl,8.4,Very Good,73 reviews,,,,
https://www.booking.com/hotel/np/the-milestone.html?label=gen173nr-1DCAEoggI46AdIM1gEaKsBiAEBmAExuAEYyAEM2AED6AEB-AEDiAIBqAIEuAK52_6QBsACAdICJGU3ODE5NmQwLTk1MTctNDY3OS1hMjA1LTljYjVjMDIxZDUwNdgCBOACAQ&sid=227ff6033aebd29d4840b3ce59ae3a80&aid=304142&ucfs=1&arphpl=1&dest_id=148&dest_type=country&group_adults=2&req_adults=2&no_rooms=1&group_children=0&req_children=0&hpos=10&hapos=10&sr_order=popularity&srpvid=40f27d2342b700ba&srepoch=1646243273&from_sustainable_property_sr=1&from=searchresults#hotelTmpl,https://cf.bstatic.com/xdata/images/hotel/square200/329434795.webp?k=dee1018256944b010e04dea8c4c21b8302b2e347d5417a82181874fa69d0b9df&o=&s=1,The Milestone Hotel,https://www.booking.com/hotel/np/the-milestone.html?label=gen173nr-1DCAEoggI46AdIM1gEaKsBiAEBmAExuAEYyAEM2AED6AEB-AEDiAIBqAIEuAK52_6QBsACAdICJGU3ODE5NmQwLTk1MTctNDY3OS1hMjA1LTljYjVjMDIxZDUwNdgCBOACAQ&sid=227ff6033aebd29d4840b3ce59ae3a80&aid=304142&ucfs=1&arphpl=1&dest_id=148&dest_type=country&group_adults=2&req_adults=2&no_rooms=1&group_children=0&req_children=0&hpos=10&hapos=10&sr_order=popularity&srpvid=40f27d2342b700ba&srepoch=1646243273&from_sustainable_property_sr=1&from=searchresults&map=1,"Thamel, Kathmandu","Featuring a bar, a shared lounge as well as a terrace, The Milestone Hotel is located in the center of Kathmandu, a 17-minute walk from Hanuman Dhoka.",https://www.booking.com/hotel/np/the-milestone.html?label=gen173nr-1DCAEoggI46AdIM1gEaKsBiAEBmAExuAEYyAEM2AED6AEB-AEDiAIBqAIEuAK52_6QBsACAdICJGU3ODE5NmQwLTk1MTctNDY3OS1hMjA1LTljYjVjMDIxZDUwNdgCBOACAQ&sid=227ff6033aebd29d4840b3ce59ae3a80&aid=304142&ucfs=1&arphpl=1&dest_id=148&dest_type=country&group_adults=2&req_adults=2&no_rooms=1&group_children=0&req_children=0&hpos=10&hapos=10&sr_order=popularity&srpvid=40f27d2342b700ba&srepoch=1646243273&from_sustainable_property_sr=1&from=searchresults#hotelTmpl,8.7,Excellent,218 reviews,,,,
https://www.booking.com/hotel/np/yambu.html?label=gen173nr-1DCAEoggI46AdIM1gEaKsBiAEBmAExuAEYyAEM2AED6AEB-AEDiAIBqAIEuAK52_6QBsACAdICJGU3ODE5NmQwLTk1MTctNDY3OS1hMjA1LTljYjVjMDIxZDUwNdgCBOACAQ&sid=227ff6033aebd29d4840b3ce59ae3a80&aid=304142&ucfs=1&arphpl=1&dest_id=148&dest_type=country&group_adults=2&req_adults=2&no_rooms=1&group_children=0&req_children=0&hpos=11&hapos=11&sr_order=popularity&srpvid=40f27d2342b700ba&srepoch=1646243273&from_sustainable_property_sr=1&from=searchresults#hotelTmpl,https://cf.bstatic.com/xdata/images/hotel/square200/311227268.webp?k=196cd50ae98d3fb66430c63d361e2a9dd6e83e6f8c3ca6513660c5aff808f71f&o=&s=1,Hotel Yambu,https://www.booking.com/hotel/np/yambu.html?label=gen173nr-1DCAEoggI46AdIM1gEaKsBiAEBmAExuAEYyAEM2AED6AEB-AEDiAIBqAIEuAK52_6QBsACAdICJGU3ODE5NmQwLTk1MTctNDY3OS1hMjA1LTljYjVjMDIxZDUwNdgCBOACAQ&sid=227ff6033aebd29d4840b3ce59ae3a80&aid=304142&ucfs=1&arphpl=1&dest_id=148&dest_type=country&group_adults=2&req_adults=2&no_rooms=1&group_children=0&req_children=0&hpos=11&hapos=11&sr_order=popularity&srpvid=40f27d2342b700ba&srepoch=1646243273&from_sustainable_property_sr=1&from=searchresults&map=1,"Thamel, Kathmandu","Offering a restaurant, Hotel Yambu is located in Kathmandu. Free Wi-Fi access is available. Rooms have an electric kettle. Private bathrooms also come with a shower. Extras include a desk and a fan.",https://www.booking.com/hotel/np/yambu.html?label=gen173nr-1DCAEoggI46AdIM1gEaKsBiAEBmAExuAEYyAEM2AED6AEB-AEDiAIBqAIEuAK52_6QBsACAdICJGU3ODE5NmQwLTk1MTctNDY3OS1hMjA1LTljYjVjMDIxZDUwNdgCBOACAQ&sid=227ff6033aebd29d4840b3ce59ae3a80&aid=304142&ucfs=1&arphpl=1&dest_id=148&dest_type=country&group_adults=2&req_adults=2&no_rooms=1&group_children=0&req_children=0&hpos=11&hapos=11&sr_order=popularity&srpvid=40f27d2342b700ba&srepoch=1646243273&from_sustainable_property_sr=1&from=searchresults#hotelTmpl,8.6,Excellent,323 reviews,,,,
https://www.booking.com/hotel/np/siraichuli.html?label=gen173nr-1DCAEoggI46AdIM1gEaKsBiAEBmAExuAEYyAEM2AED6AEB-AEDiAIBqAIEuAK52_6QBsACAdICJGU3ODE5NmQwLTk1MTctNDY3OS1hMjA1LTljYjVjMDIxZDUwNdgCBOACAQ&sid=227ff6033aebd29d4840b3ce59ae3a80&aid=304142&ucfs=1&arphpl=1&dest_id=148&dest_type=country&group_adults=2&req_adults=2&no_rooms=1&group_children=0&req_children=0&hpos=12&hapos=12&sr_order=popularity&srpvid=40f27d2342b700ba&srepoch=1646243273&from_sustainable_property_sr=1&from=searchresults#hotelTmpl,https://cf.bstatic.com/xdata/images/hotel/square200/295436429.webp?k=356bc1bea2d5d4a8c84d5ae513737e41566d784fab2f4e7aabe28c10ec59c33d&o=&s=1,Hotel Siraichuli,https://www.booking.com/hotel/np/siraichuli.html?label=gen173nr-1DCAEoggI46AdIM1gEaKsBiAEBmAExuAEYyAEM2AED6AEB-AEDiAIBqAIEuAK52_6QBsACAdICJGU3ODE5NmQwLTk1MTctNDY3OS1hMjA1LTljYjVjMDIxZDUwNdgCBOACAQ&sid=227ff6033aebd29d4840b3ce59ae3a80&aid=304142&ucfs=1&arphpl=1&dest_id=148&dest_type=country&group_adults=2&req_adults=2&no_rooms=1&group_children=0&req_children=0&hpos=12&hapos=12&sr_order=popularity&srpvid=40f27d2342b700ba&srepoch=1646243273&from_sustainable_property_sr=1&from=searchresults&map=1,Bharatpur,"Hotel Siraichuli features a restaurant, outdoor swimming pool, a fitness center and bar in Bharatpur. This 4-star hotel offers room service and a concierge service.",https://www.booking.com/hotel/np/siraichuli.html?label=gen173nr-1DCAEoggI46AdIM1gEaKsBiAEBmAExuAEYyAEM2AED6AEB-AEDiAIBqAIEuAK52_6QBsACAdICJGU3ODE5NmQwLTk1MTctNDY3OS1hMjA1LTljYjVjMDIxZDUwNdgCBOACAQ&sid=227ff6033aebd29d4840b3ce59ae3a80&aid=304142&ucfs=1&arphpl=1&dest_id=148&dest_type=country&group_adults=2&req_adults=2&no_rooms=1&group_children=0&req_children=0&hpos=12&hapos=12&sr_order=popularity&srpvid=40f27d2342b700ba&srepoch=1646243273&from_sustainable_property_sr=1&from=searchresults#hotelTmpl,8.8,Excellent,11 reviews,Travel Sustainable property,,,
https://www.booking.com/hotel/np/bodhi-suites-boutique-and-spa.html?label=gen173nr-1DCAEoggI46AdIM1gEaKsBiAEBmAExuAEYyAEM2AED6AEB-AEDiAIBqAIEuAK52_6QBsACAdICJGU3ODE5NmQwLTk1MTctNDY3OS1hMjA1LTljYjVjMDIxZDUwNdgCBOACAQ&sid=227ff6033aebd29d4840b3ce59ae3a80&aid=304142&ucfs=1&arphpl=1&dest_id=148&dest_type=country&group_adults=2&req_adults=2&no_rooms=1&group_children=0&req_children=0&hpos=13&hapos=13&sr_order=popularity&srpvid=40f27d2342b700ba&srepoch=1646243273&from_sustainable_property_sr=1&from=searchresults#hotelTmpl,https://cf.bstatic.com/xdata/images/hotel/square200/194472962.webp?k=004cf126a57522a9e4ca3a7f4d0139fcb9ef6e86dfee6197ba988eda0b1d9c60&o=&s=1,Bodhi Suites Boutique Hotel and Spa,https://www.booking.com/hotel/np/bodhi-suites-boutique-and-spa.html?label=gen173nr-1DCAEoggI46AdIM1gEaKsBiAEBmAExuAEYyAEM2AED6AEB-AEDiAIBqAIEuAK52_6QBsACAdICJGU3ODE5NmQwLTk1MTctNDY3OS1hMjA1LTljYjVjMDIxZDUwNdgCBOACAQ&sid=227ff6033aebd29d4840b3ce59ae3a80&aid=304142&ucfs=1&arphpl=1&dest_id=148&dest_type=country&group_adults=2&req_adults=2&no_rooms=1&group_children=0&req_children=0&hpos=13&hapos=13&sr_order=popularity&srpvid=40f27d2342b700ba&srepoch=1646243273&from_sustainable_property_sr=1&from=searchresults&map=1,Pokhara,"Located in Pokhara, a 5-minute walk from Fewa Lake, Bodhi Suites Boutique Hotel and Spa has accommodations with a restaurant, free private parking, an outdoor swimming pool and a fitness center.",https://www.booking.com/hotel/np/bodhi-suites-boutique-and-spa.html?label=gen173nr-1DCAEoggI46AdIM1gEaKsBiAEBmAExuAEYyAEM2AED6AEB-AEDiAIBqAIEuAK52_6QBsACAdICJGU3ODE5NmQwLTk1MTctNDY3OS1hMjA1LTljYjVjMDIxZDUwNdgCBOACAQ&sid=227ff6033aebd29d4840b3ce59ae3a80&aid=304142&ucfs=1&arphpl=1&dest_id=148&dest_type=country&group_adults=2&req_adults=2&no_rooms=1&group_children=0&req_children=0&hpos=13&hapos=13&sr_order=popularity&srpvid=40f27d2342b700ba&srepoch=1646243273&from_sustainable_property_sr=1&from=searchresults#hotelTmpl,8.4,Very Good,396 reviews,Travel Sustainable property,,,
https://www.booking.com/hotel/np/apsara-boutique.html?label=gen173nr-1DCAEoggI46AdIM1gEaKsBiAEBmAExuAEYyAEM2AED6AEB-AEDiAIBqAIEuAK52_6QBsACAdICJGU3ODE5NmQwLTk1MTctNDY3OS1hMjA1LTljYjVjMDIxZDUwNdgCBOACAQ&sid=227ff6033aebd29d4840b3ce59ae3a80&aid=304142&ucfs=1&arphpl=1&dest_id=148&dest_type=country&group_adults=2&req_adults=2&no_rooms=1&group_children=0&req_children=0&hpos=14&hapos=14&sr_order=popularity&srpvid=40f27d2342b700ba&srepoch=1646243273&from=searchresults#hotelTmpl,https://cf.bstatic.com/xdata/images/hotel/square200/220979133.webp?k=5d955b642efe02bbf696335d0ed46719d6ff3392cf63667d10aed29716091ed0&o=&s=1,Apsara Boutique Hotel,https://www.booking.com/hotel/np/apsara-boutique.html?label=gen173nr-1DCAEoggI46AdIM1gEaKsBiAEBmAExuAEYyAEM2AED6AEB-AEDiAIBqAIEuAK52_6QBsACAdICJGU3ODE5NmQwLTk1MTctNDY3OS1hMjA1LTljYjVjMDIxZDUwNdgCBOACAQ&sid=227ff6033aebd29d4840b3ce59ae3a80&aid=304142&ucfs=1&arphpl=1&dest_id=148&dest_type=country&group_adults=2&req_adults=2&no_rooms=1&group_children=0&req_children=0&hpos=14&hapos=14&sr_order=popularity&srpvid=40f27d2342b700ba&srepoch=1646243273&from=searchresults&map=1,"Thamel, Kathmandu","Apsara Boutique Hotel is located in Kathmandu, 0.9 mi from Hanuman Dhoka and 0.9 mi from Kathmandu Durbar Square. The hotel has a terrace and views of the mountains.",https://www.booking.com/hotel/np/apsara-boutique.html?label=gen173nr-1DCAEoggI46AdIM1gEaKsBiAEBmAExuAEYyAEM2AED6AEB-AEDiAIBqAIEuAK52_6QBsACAdICJGU3ODE5NmQwLTk1MTctNDY3OS1hMjA1LTljYjVjMDIxZDUwNdgCBOACAQ&sid=227ff6033aebd29d4840b3ce59ae3a80&aid=304142&ucfs=1&arphpl=1&dest_id=148&dest_type=country&group_adults=2&req_adults=2&no_rooms=1&group_children=0&req_children=0&hpos=14&hapos=14&sr_order=popularity&srpvid=40f27d2342b700ba&srepoch=1646243273&from=searchresults#hotelTmpl,8.3,Very Good,467 reviews,,,,
https://www.booking.com/hotel/np/landmark-kathmandu.html?label=gen173nr-1DCAEoggI46AdIM1gEaKsBiAEBmAExuAEYyAEM2AED6AEB-AEDiAIBqAIEuAK52_6QBsACAdICJGU3ODE5NmQwLTk1MTctNDY3OS1hMjA1LTljYjVjMDIxZDUwNdgCBOACAQ&sid=227ff6033aebd29d4840b3ce59ae3a80&aid=304142&ucfs=1&arphpl=1&dest_id=148&dest_type=country&group_adults=2&req_adults=2&no_rooms=1&group_children=0&req_children=0&hpos=15&hapos=15&sr_order=popularity&srpvid=40f27d2342b700ba&srepoch=1646243273&from_sustainable_property_sr=1&from=searchresults#hotelTmpl,https://cf.bstatic.com/xdata/images/hotel/square200/188890680.webp?k=42e1c036c0c8a58b16db2336e29212ee86478a8785765b6041cd2eafde82246b&o=&s=1,Landmark Kathmandu,https://www.booking.com/hotel/np/landmark-kathmandu.html?label=gen173nr-1DCAEoggI46AdIM1gEaKsBiAEBmAExuAEYyAEM2AED6AEB-AEDiAIBqAIEuAK52_6QBsACAdICJGU3ODE5NmQwLTk1MTctNDY3OS1hMjA1LTljYjVjMDIxZDUwNdgCBOACAQ&sid=227ff6033aebd29d4840b3ce59ae3a80&aid=304142&ucfs=1&arphpl=1&dest_id=148&dest_type=country&group_adults=2&req_adults=2&no_rooms=1&group_children=0&req_children=0&hpos=15&hapos=15&sr_order=popularity&srpvid=40f27d2342b700ba&srepoch=1646243273&from_sustainable_property_sr=1&from=searchresults&map=1,Kathmandu,"Located in Kathmandu, 1.3 miles from Hanuman Dhoka, Landmark Kathmandu has accommodations with a restaurant, free private parking, a bar and a shared lounge.",https://www.booking.com/hotel/np/landmark-kathmandu.html?label=gen173nr-1DCAEoggI46AdIM1gEaKsBiAEBmAExuAEYyAEM2AED6AEB-AEDiAIBqAIEuAK52_6QBsACAdICJGU3ODE5NmQwLTk1MTctNDY3OS1hMjA1LTljYjVjMDIxZDUwNdgCBOACAQ&sid=227ff6033aebd29d4840b3ce59ae3a80&aid=304142&ucfs=1&arphpl=1&dest_id=148&dest_type=country&group_adults=2&req_adults=2&no_rooms=1&group_children=0&req_children=0&hpos=15&hapos=15&sr_order=popularity&srpvid=40f27d2342b700ba&srepoch=1646243273&from_sustainable_property_sr=1&from=searchresults#hotelTmpl,8.1,Very Good,134 reviews,Travel Sustainable property,,,
https://www.booking.com/hotel/np/ganesh-himal.html?label=gen173nr-1DCAEoggI46AdIM1gEaKsBiAEBmAExuAEYyAEM2AED6AEB-AEDiAIBqAIEuAK52_6QBsACAdICJGU3ODE5NmQwLTk1MTctNDY3OS1hMjA1LTljYjVjMDIxZDUwNdgCBOACAQ&sid=227ff6033aebd29d4840b3ce59ae3a80&aid=304142&ucfs=1&arphpl=1&dest_id=148&dest_type=country&group_adults=2&req_adults=2&no_rooms=1&group_children=0&req_children=0&hpos=16&hapos=16&sr_order=popularity&srpvid=40f27d2342b700ba&srepoch=1646243273&from_sustainable_property_sr=1&from=searchresults#hotelTmpl,https://cf.bstatic.com/xdata/images/hotel/square200/71031503.webp?k=fb169e9074f80abf00e3a99c787e0b624d950664d04d390e0c43aa7f15e5cef6&o=&s=1,Hotel Ganesh Himal,https://www.booking.com/hotel/np/ganesh-himal.html?label=gen173nr-1DCAEoggI46AdIM1gEaKsBiAEBmAExuAEYyAEM2AED6AEB-AEDiAIBqAIEuAK52_6QBsACAdICJGU3ODE5NmQwLTk1MTctNDY3OS1hMjA1LTljYjVjMDIxZDUwNdgCBOACAQ&sid=227ff6033aebd29d4840b3ce59ae3a80&aid=304142&ucfs=1&arphpl=1&dest_id=148&dest_type=country&group_adults=2&req_adults=2&no_rooms=1&group_children=0&req_children=0&hpos=16&hapos=16&sr_order=popularity&srpvid=40f27d2342b700ba&srepoch=1646243273&from_sustainable_property_sr=1&from=searchresults&map=1,Kathmandu,"Located a 5-minute walk from Durbar Square, Hotel Ganesh Himal offers free parking and free WiFi.",https://www.booking.com/hotel/np/ganesh-himal.html?label=gen173nr-1DCAEoggI46AdIM1gEaKsBiAEBmAExuAEYyAEM2AED6AEB-AEDiAIBqAIEuAK52_6QBsACAdICJGU3ODE5NmQwLTk1MTctNDY3OS1hMjA1LTljYjVjMDIxZDUwNdgCBOACAQ&sid=227ff6033aebd29d4840b3ce59ae3a80&aid=304142&ucfs=1&arphpl=1&dest_id=148&dest_type=country&group_adults=2&req_adults=2&no_rooms=1&group_children=0&req_children=0&hpos=16&hapos=16&sr_order=popularity&srpvid=40f27d2342b700ba&srepoch=1646243273&from_sustainable_property_sr=1&from=searchresults#hotelTmpl,8.4,Very Good,233 reviews,Travel Sustainable property,,,
https://www.booking.com/hotel/np/iceland.html?label=gen173nr-1DCAEoggI46AdIM1gEaKsBiAEBmAExuAEYyAEM2AED6AEB-AEDiAIBqAIEuAK52_6QBsACAdICJGU3ODE5NmQwLTk1MTctNDY3OS1hMjA1LTljYjVjMDIxZDUwNdgCBOACAQ&sid=227ff6033aebd29d4840b3ce59ae3a80&aid=304142&ucfs=1&arphpl=1&dest_id=148&dest_type=country&group_adults=2&req_adults=2&no_rooms=1&group_children=0&req_children=0&hpos=17&hapos=17&sr_order=popularity&srpvid=40f27d2342b700ba&srepoch=1646243273&from=searchresults#hotelTmpl,https://cf.bstatic.com/xdata/images/hotel/square200/197435469.webp?k=e519c3d978983ac43eb5131cd5e3f254a2d39a9e12cdedef684529b02a92c9ee&o=&s=1,Hotel Iceland,https://www.booking.com/hotel/np/iceland.html?label=gen173nr-1DCAEoggI46AdIM1gEaKsBiAEBmAExuAEYyAEM2AED6AEB-AEDiAIBqAIEuAK52_6QBsACAdICJGU3ODE5NmQwLTk1MTctNDY3OS1hMjA1LTljYjVjMDIxZDUwNdgCBOACAQ&sid=227ff6033aebd29d4840b3ce59ae3a80&aid=304142&ucfs=1&arphpl=1&dest_id=148&dest_type=country&group_adults=2&req_adults=2&no_rooms=1&group_children=0&req_children=0&hpos=17&hapos=17&sr_order=popularity&srpvid=40f27d2342b700ba&srepoch=1646243273&from=searchresults&map=1,Pokhara,"Boasting a spa and massage facility, Hotel Iceland is located in Pokhara, 1969 feet from Fewa Lake. This 4-star hotel features free WiFi and an outdoor swimming pool.",https://www.booking.com/hotel/np/iceland.html?label=gen173nr-1DCAEoggI46AdIM1gEaKsBiAEBmAExuAEYyAEM2AED6AEB-AEDiAIBqAIEuAK52_6QBsACAdICJGU3ODE5NmQwLTk1MTctNDY3OS1hMjA1LTljYjVjMDIxZDUwNdgCBOACAQ&sid=227ff6033aebd29d4840b3ce59ae3a80&aid=304142&ucfs=1&arphpl=1&dest_id=148&dest_type=country&group_adults=2&req_adults=2&no_rooms=1&group_children=0&req_children=0&hpos=17&hapos=17&sr_order=popularity&srpvid=40f27d2342b700ba&srepoch=1646243273&from=searchresults#hotelTmpl,8.7,Excellent,256 reviews,,,,
https://www.booking.com/hotel/np/vaishali-and-gaming-club.html?label=gen173nr-1DCAEoggI46AdIM1gEaKsBiAEBmAExuAEYyAEM2AED6AEB-AEDiAIBqAIEuAK52_6QBsACAdICJGU3ODE5NmQwLTk1MTctNDY3OS1hMjA1LTljYjVjMDIxZDUwNdgCBOACAQ&sid=227ff6033aebd29d4840b3ce59ae3a80&aid=304142&ucfs=1&arphpl=1&dest_id=148&dest_type=country&group_adults=2&req_adults=2&no_rooms=1&group_children=0&req_children=0&hpos=18&hapos=18&sr_order=popularity&srpvid=40f27d2342b700ba&srepoch=1646243273&from=searchresults#hotelTmpl,https://cf.bstatic.com/xdata/images/hotel/square200/143478563.webp?k=e5ced1f1e845b67d154910feb7ae6271d4de57e3dd767bd453c20e775a1f4b84&o=&s=1,Hotel Vaishali,https://www.booking.com/hotel/np/vaishali-and-gaming-club.html?label=gen173nr-1DCAEoggI46AdIM1gEaKsBiAEBmAExuAEYyAEM2AED6AEB-AEDiAIBqAIEuAK52_6QBsACAdICJGU3ODE5NmQwLTk1MTctNDY3OS1hMjA1LTljYjVjMDIxZDUwNdgCBOACAQ&sid=227ff6033aebd29d4840b3ce59ae3a80&aid=304142&ucfs=1&arphpl=1&dest_id=148&dest_type=country&group_adults=2&req_adults=2&no_rooms=1&group_children=0&req_children=0&hpos=18&hapos=18&sr_order=popularity&srpvid=40f27d2342b700ba&srepoch=1646243273&from=searchresults&map=1,"Thamel, Kathmandu","Hotel Vaishali is located in Thamel, a 15-minute drive from Tribhuvan International Airport. It features an outdoor pool and a fitness center. Room service is available 24 hours. Free WiFi is...",https://www.booking.com/hotel/np/vaishali-and-gaming-club.html?label=gen173nr-1DCAEoggI46AdIM1gEaKsBiAEBmAExuAEYyAEM2AED6AEB-AEDiAIBqAIEuAK52_6QBsACAdICJGU3ODE5NmQwLTk1MTctNDY3OS1hMjA1LTljYjVjMDIxZDUwNdgCBOACAQ&sid=227ff6033aebd29d4840b3ce59ae3a80&aid=304142&ucfs=1&arphpl=1&dest_id=148&dest_type=country&group_adults=2&req_adults=2&no_rooms=1&group_children=0&req_children=0&hpos=18&hapos=18&sr_order=popularity&srpvid=40f27d2342b700ba&srepoch=1646243273&from=searchresults#hotelTmpl,7.9,Good,49 reviews,,,,
https://www.booking.com/hotel/np/manaslu.html?label=gen173nr-1DCAEoggI46AdIM1gEaKsBiAEBmAExuAEYyAEM2AED6AEB-AEDiAIBqAIEuAK52_6QBsACAdICJGU3ODE5NmQwLTk1MTctNDY3OS1hMjA1LTljYjVjMDIxZDUwNdgCBOACAQ&sid=227ff6033aebd29d4840b3ce59ae3a80&aid=304142&ucfs=1&arphpl=1&dest_id=148&dest_type=country&group_adults=2&req_adults=2&no_rooms=1&group_children=0&req_children=0&hpos=19&hapos=19&sr_order=popularity&srpvid=40f27d2342b700ba&srepoch=1646243273&from=searchresults#hotelTmpl,https://cf.bstatic.com/xdata/images/hotel/square200/229516422.webp?k=e190d8353ca58a118caf99f895a0306b2efe552b125f7cb529b24b5601941ed7&o=&s=1,Hotel Manaslu,https://www.booking.com/hotel/np/manaslu.html?label=gen173nr-1DCAEoggI46AdIM1gEaKsBiAEBmAExuAEYyAEM2AED6AEB-AEDiAIBqAIEuAK52_6QBsACAdICJGU3ODE5NmQwLTk1MTctNDY3OS1hMjA1LTljYjVjMDIxZDUwNdgCBOACAQ&sid=227ff6033aebd29d4840b3ce59ae3a80&aid=304142&ucfs=1&arphpl=1&dest_id=148&dest_type=country&group_adults=2&req_adults=2&no_rooms=1&group_children=0&req_children=0&hpos=19&hapos=19&sr_order=popularity&srpvid=40f27d2342b700ba&srepoch=1646243273&from=searchresults&map=1,"Lazimpat, Kathmandu","Hotel Manaslu enjoys a quiet yet central location in Kathmandu, just 4.3 mi away from Tribhuvan International Airport. Guests can swim and relax at the outdoor pool surrounded by landscaped gardens.",https://www.booking.com/hotel/np/manaslu.html?label=gen173nr-1DCAEoggI46AdIM1gEaKsBiAEBmAExuAEYyAEM2AED6AEB-AEDiAIBqAIEuAK52_6QBsACAdICJGU3ODE5NmQwLTk1MTctNDY3OS1hMjA1LTljYjVjMDIxZDUwNdgCBOACAQ&sid=227ff6033aebd29d4840b3ce59ae3a80&aid=304142&ucfs=1&arphpl=1&dest_id=148&dest_type=country&group_adults=2&req_adults=2&no_rooms=1&group_children=0&req_children=0&hpos=19&hapos=19&sr_order=popularity&srpvid=40f27d2342b700ba&srepoch=1646243273&from=searchresults#hotelTmpl,8.2,Very Good,38 reviews,,,,
https://www.booking.com/hotel/np/woodapple-and-spa-kathmandu.html?label=gen173nr-1DCAEoggI46AdIM1gEaKsBiAEBmAExuAEYyAEM2AED6AEB-AEDiAIBqAIEuAK52_6QBsACAdICJGU3ODE5NmQwLTk1MTctNDY3OS1hMjA1LTljYjVjMDIxZDUwNdgCBOACAQ&sid=227ff6033aebd29d4840b3ce59ae3a80&aid=304142&ucfs=1&arphpl=1&dest_id=148&dest_type=country&group_adults=2&req_adults=2&no_rooms=1&group_children=0&req_children=0&hpos=20&hapos=20&sr_order=popularity&srpvid=40f27d2342b700ba&srepoch=1646243273&from=searchresults#hotelTmpl,https://cf.bstatic.com/xdata/images/hotel/square200/319177129.webp?k=2c288c36a62bbe1c4140cbd729de9ce9e3380d95de52030af9949a0c3df8c81d&o=&s=1,Woodapple Hotel and Spa,https://www.booking.com/hotel/np/woodapple-and-spa-kathmandu.html?label=gen173nr-1DCAEoggI46AdIM1gEaKsBiAEBmAExuAEYyAEM2AED6AEB-AEDiAIBqAIEuAK52_6QBsACAdICJGU3ODE5NmQwLTk1MTctNDY3OS1hMjA1LTljYjVjMDIxZDUwNdgCBOACAQ&sid=227ff6033aebd29d4840b3ce59ae3a80&aid=304142&ucfs=1&arphpl=1&dest_id=148&dest_type=country&group_adults=2&req_adults=2&no_rooms=1&group_children=0&req_children=0&hpos=20&hapos=20&sr_order=popularity&srpvid=40f27d2342b700ba&srepoch=1646243273&from=searchresults&map=1,Kathmandu,"Located in Kathmandu, 1.1 miles from Swayambhu, Woodapple Hotel and Spa has accommodations with a restaurant, free private parking and a bar.",https://www.booking.com/hotel/np/woodapple-and-spa-kathmandu.html?label=gen173nr-1DCAEoggI46AdIM1gEaKsBiAEBmAExuAEYyAEM2AED6AEB-AEDiAIBqAIEuAK52_6QBsACAdICJGU3ODE5NmQwLTk1MTctNDY3OS1hMjA1LTljYjVjMDIxZDUwNdgCBOACAQ&sid=227ff6033aebd29d4840b3ce59ae3a80&aid=304142&ucfs=1&arphpl=1&dest_id=148&dest_type=country&group_adults=2&req_adults=2&no_rooms=1&group_children=0&req_children=0&hpos=20&hapos=20&sr_order=popularity&srpvid=40f27d2342b700ba&srepoch=1646243273&from=searchresults#hotelTmpl,9.7,Exceptional,23 reviews,,https://www.booking.com/hotel/np/woodapple-and-spa-kathmandu.html?label=gen173nr-1DCAEoggI46AdIM1gEaKsBiAEBmAExuAEYyAEM2AED6AEB-AEDiAIBqAIEuAK52_6QBsACAdICJGU3ODE5NmQwLTk1MTctNDY3OS1hMjA1LTljYjVjMDIxZDUwNdgCBOACAQ&sid=227ff6033aebd29d4840b3ce59ae3a80&aid=304142&ucfs=1&arphpl=1&dest_id=148&dest_type=country&group_adults=2&req_adults=2&no_rooms=1&group_children=0&req_children=0&hpos=20&hapos=20&sr_order=popularity&srpvid=40f27d2342b700ba&srepoch=1646243273&from=searchresults#hotelTmpl,Location 9.7,Opens in new window
https://www.booking.com/hotel/np/classic-serviced-apartments-patan12345.html?label=gen173nr-1DCAEoggI46AdIM1gEaKsBiAEBmAExuAEYyAEM2AED6AEB-AEDiAIBqAIEuAK52_6QBsACAdICJGU3ODE5NmQwLTk1MTctNDY3OS1hMjA1LTljYjVjMDIxZDUwNdgCBOACAQ&sid=227ff6033aebd29d4840b3ce59ae3a80&aid=304142&ucfs=1&arphpl=1&dest_id=148&dest_type=country&group_adults=2&req_adults=2&no_rooms=1&group_children=0&req_children=0&hpos=21&hapos=21&sr_order=popularity&srpvid=40f27d2342b700ba&srepoch=1646243273&from=searchresults#hotelTmpl,https://cf.bstatic.com/xdata/images/hotel/square200/109390176.webp?k=a62c5884b16598a6b67a5febe363b455fd81eabc71bd035f287ad5c1ff8a5706&o=&s=1,Classic Serviced Apartments,https://www.booking.com/hotel/np/classic-serviced-apartments-patan12345.html?label=gen173nr-1DCAEoggI46AdIM1gEaKsBiAEBmAExuAEYyAEM2AED6AEB-AEDiAIBqAIEuAK52_6QBsACAdICJGU3ODE5NmQwLTk1MTctNDY3OS1hMjA1LTljYjVjMDIxZDUwNdgCBOACAQ&sid=227ff6033aebd29d4840b3ce59ae3a80&aid=304142&ucfs=1&arphpl=1&dest_id=148&dest_type=country&group_adults=2&req_adults=2&no_rooms=1&group_children=0&req_children=0&hpos=21&hapos=21&sr_order=popularity&srpvid=40f27d2342b700ba&srepoch=1646243273&from=searchresults&map=1,"Patan, Jawlakhel","Located in Jawlakhel, 15 miles from Dhulikhel, Classic Serviced Apartments provides a terrace and free WiFi.",https://www.booking.com/hotel/np/classic-serviced-apartments-patan12345.html?label=gen173nr-1DCAEoggI46AdIM1gEaKsBiAEBmAExuAEYyAEM2AED6AEB-AEDiAIBqAIEuAK52_6QBsACAdICJGU3ODE5NmQwLTk1MTctNDY3OS1hMjA1LTljYjVjMDIxZDUwNdgCBOACAQ&sid=227ff6033aebd29d4840b3ce59ae3a80&aid=304142&ucfs=1&arphpl=1&dest_id=148&dest_type=country&group_adults=2&req_adults=2&no_rooms=1&group_children=0&req_children=0&hpos=21&hapos=21&sr_order=popularity&srpvid=40f27d2342b700ba&srepoch=1646243273&from=searchresults#hotelTmpl,8.6,Excellent,28 reviews,,,,
https://www.booking.com/hotel/np/arushi-boutque.html?label=gen173nr-1DCAEoggI46AdIM1gEaKsBiAEBmAExuAEYyAEM2AED6AEB-AEDiAIBqAIEuAK52_6QBsACAdICJGU3ODE5NmQwLTk1MTctNDY3OS1hMjA1LTljYjVjMDIxZDUwNdgCBOACAQ&sid=227ff6033aebd29d4840b3ce59ae3a80&aid=304142&ucfs=1&arphpl=1&dest_id=148&dest_type=country&group_adults=2&req_adults=2&no_rooms=1&group_children=0&req_children=0&hpos=22&hapos=22&sr_order=popularity&srpvid=40f27d2342b700ba&srepoch=1646243273&from=searchresults#hotelTmpl,https://cf.bstatic.com/xdata/images/hotel/square200/229741442.webp?k=436e5f850aca7f28399c570a148b1c12911df9c66c6ee8b09c454a73d06d2023&o=&s=1,Arushi Boutique Hotel,https://www.booking.com/hotel/np/arushi-boutque.html?label=gen173nr-1DCAEoggI46AdIM1gEaKsBiAEBmAExuAEYyAEM2AED6AEB-AEDiAIBqAIEuAK52_6QBsACAdICJGU3ODE5NmQwLTk1MTctNDY3OS1hMjA1LTljYjVjMDIxZDUwNdgCBOACAQ&sid=227ff6033aebd29d4840b3ce59ae3a80&aid=304142&ucfs=1&arphpl=1&dest_id=148&dest_type=country&group_adults=2&req_adults=2&no_rooms=1&group_children=0&req_children=0&hpos=22&hapos=22&sr_order=popularity&srpvid=40f27d2342b700ba&srepoch=1646243273&from=searchresults&map=1,"Thamel, Kathmandu","Located in Kathmandu, an 18-minute walk from Hanuman Dhoka, Arushi Boutique Hotel provides accommodations with a bar, private parking and a terrace.",https://www.booking.com/hotel/np/arushi-boutque.html?label=gen173nr-1DCAEoggI46AdIM1gEaKsBiAEBmAExuAEYyAEM2AED6AEB-AEDiAIBqAIEuAK52_6QBsACAdICJGU3ODE5NmQwLTk1MTctNDY3OS1hMjA1LTljYjVjMDIxZDUwNdgCBOACAQ&sid=227ff6033aebd29d4840b3ce59ae3a80&aid=304142&ucfs=1&arphpl=1&dest_id=148&dest_type=country&group_adults=2&req_adults=2&no_rooms=1&group_children=0&req_children=0&hpos=22&hapos=22&sr_order=popularity&srpvid=40f27d2342b700ba&srepoch=1646243273&from=searchresults#hotelTmpl,9.3,Wonderful,190 reviews,,https://www.booking.com/hotel/np/arushi-boutque.html?label=gen173nr-1DCAEoggI46AdIM1gEaKsBiAEBmAExuAEYyAEM2AED6AEB-AEDiAIBqAIEuAK52_6QBsACAdICJGU3ODE5NmQwLTk1MTctNDY3OS1hMjA1LTljYjVjMDIxZDUwNdgCBOACAQ&sid=227ff6033aebd29d4840b3ce59ae3a80&aid=304142&ucfs=1&arphpl=1&dest_id=148&dest_type=country&group_adults=2&req_adults=2&no_rooms=1&group_children=0&req_children=0&hpos=22&hapos=22&sr_order=popularity&srpvid=40f27d2342b700ba&srepoch=1646243273&from=searchresults#hotelTmpl,Location 9.4,Opens in new window
https://www.booking.com/hotel/np/himalayan-front-resort.html?label=gen173nr-1DCAEoggI46AdIM1gEaKsBiAEBmAExuAEYyAEM2AED6AEB-AEDiAIBqAIEuAK52_6QBsACAdICJGU3ODE5NmQwLTk1MTctNDY3OS1hMjA1LTljYjVjMDIxZDUwNdgCBOACAQ&sid=227ff6033aebd29d4840b3ce59ae3a80&aid=304142&ucfs=1&arphpl=1&dest_id=148&dest_type=country&group_adults=2&req_adults=2&no_rooms=1&group_children=0&req_children=0&hpos=23&hapos=23&sr_order=popularity&srpvid=40f27d2342b700ba&srepoch=1646243273&from=searchresults#hotelTmpl,https://cf.bstatic.com/xdata/images/hotel/square200/113077569.webp?k=ad97998eaf2480e3808b6102ceee638f5f454f4c48ce09412e2c4103c62e5cbe&o=&s=1,Himalayan Front Hotel by KGH Group,https://www.booking.com/hotel/np/himalayan-front-resort.html?label=gen173nr-1DCAEoggI46AdIM1gEaKsBiAEBmAExuAEYyAEM2AED6AEB-AEDiAIBqAIEuAK52_6QBsACAdICJGU3ODE5NmQwLTk1MTctNDY3OS1hMjA1LTljYjVjMDIxZDUwNdgCBOACAQ&sid=227ff6033aebd29d4840b3ce59ae3a80&aid=304142&ucfs=1&arphpl=1&dest_id=148&dest_type=country&group_adults=2&req_adults=2&no_rooms=1&group_children=0&req_children=0&hpos=23&hapos=23&sr_order=popularity&srpvid=40f27d2342b700ba&srepoch=1646243273&from=searchresults&map=1,Pokhara,"Located in Pokhara, 2.7 mi from Fewa Lake,  Himalayan Front Hotel by KGH Group features a restaurant, rooftop lounge and free WiFi throughout the property.",https://www.booking.com/hotel/np/himalayan-front-resort.html?label=gen173nr-1DCAEoggI46AdIM1gEaKsBiAEBmAExuAEYyAEM2AED6AEB-AEDiAIBqAIEuAK52_6QBsACAdICJGU3ODE5NmQwLTk1MTctNDY3OS1hMjA1LTljYjVjMDIxZDUwNdgCBOACAQ&sid=227ff6033aebd29d4840b3ce59ae3a80&aid=304142&ucfs=1&arphpl=1&dest_id=148&dest_type=country&group_adults=2&req_adults=2&no_rooms=1&group_children=0&req_children=0&hpos=23&hapos=23&sr_order=popularity&srpvid=40f27d2342b700ba&srepoch=1646243273&from=searchresults#hotelTmpl,8.7,Excellent,158 reviews,,,,
https://www.booking.com/hotel/np/kathmandu-suite-home-kathmandu1.html?label=gen173nr-1DCAEoggI46AdIM1gEaKsBiAEBmAExuAEYyAEM2AED6AEB-AEDiAIBqAIEuAK52_6QBsACAdICJGU3ODE5NmQwLTk1MTctNDY3OS1hMjA1LTljYjVjMDIxZDUwNdgCBOACAQ&sid=227ff6033aebd29d4840b3ce59ae3a80&aid=304142&ucfs=1&arphpl=1&dest_id=148&dest_type=country&group_adults=2&req_adults=2&no_rooms=1&group_children=0&req_children=0&hpos=24&hapos=24&sr_order=popularity&srpvid=40f27d2342b700ba&srepoch=1646243273&from=searchresults#hotelTmpl,https://cf.bstatic.com/xdata/images/hotel/square200/199427783.webp?k=5c0a92c815aed9d3cf9c6e519f1ea5f57167374344f84379b02a0cf2eb8c9cd2&o=&s=1,Kathmandu Suite Home,https://www.booking.com/hotel/np/kathmandu-suite-home-kathmandu1.html?label=gen173nr-1DCAEoggI46AdIM1gEaKsBiAEBmAExuAEYyAEM2AED6AEB-AEDiAIBqAIEuAK52_6QBsACAdICJGU3ODE5NmQwLTk1MTctNDY3OS1hMjA1LTljYjVjMDIxZDUwNdgCBOACAQ&sid=227ff6033aebd29d4840b3ce59ae3a80&aid=304142&ucfs=1&arphpl=1&dest_id=148&dest_type=country&group_adults=2&req_adults=2&no_rooms=1&group_children=0&req_children=0&hpos=24&hapos=24&sr_order=popularity&srpvid=40f27d2342b700ba&srepoch=1646243273&from=searchresults&map=1,Kathmandu,"Located in Kathmandu, an 18-minute walk from Kathmandu Durbar Square, Kathmandu Suite Home provides accommodations with a bar, free private parking, a shared lounge and a garden.",https://www.booking.com/hotel/np/kathmandu-suite-home-kathmandu1.html?label=gen173nr-1DCAEoggI46AdIM1gEaKsBiAEBmAExuAEYyAEM2AED6AEB-AEDiAIBqAIEuAK52_6QBsACAdICJGU3ODE5NmQwLTk1MTctNDY3OS1hMjA1LTljYjVjMDIxZDUwNdgCBOACAQ&sid=227ff6033aebd29d4840b3ce59ae3a80&aid=304142&ucfs=1&arphpl=1&dest_id=148&dest_type=country&group_adults=2&req_adults=2&no_rooms=1&group_children=0&req_children=0&hpos=24&hapos=24&sr_order=popularity&srpvid=40f27d2342b700ba&srepoch=1646243273&from=searchresults#hotelTmpl,9.3,Wonderful,67 reviews,,,,
https://www.booking.com/hotel/np/mount-view-pokhara.html?label=gen173nr-1DCAEoggI46AdIM1gEaKsBiAEBmAExuAEYyAEM2AED6AEB-AEDiAIBqAIEuAK52_6QBsACAdICJGU3ODE5NmQwLTk1MTctNDY3OS1hMjA1LTljYjVjMDIxZDUwNdgCBOACAQ&sid=227ff6033aebd29d4840b3ce59ae3a80&aid=304142&ucfs=1&arphpl=1&dest_id=148&dest_type=country&group_adults=2&req_adults=2&no_rooms=1&group_children=0&req_children=0&hpos=25&hapos=25&sr_order=popularity&srpvid=40f27d2342b700ba&srepoch=1646243273&from_sustainable_property_sr=1&from=searchresults#hotelTmpl,https://cf.bstatic.com/xdata/images/hotel/square200/69793219.webp?k=47c52577556e9a52d92a3166a27b27fdd08d3522e82738ec76ba95eab2126bda&o=&s=1,Mount View Pokhara,https://www.booking.com/hotel/np/mount-view-pokhara.html?label=gen173nr-1DCAEoggI46AdIM1gEaKsBiAEBmAExuAEYyAEM2AED6AEB-AEDiAIBqAIEuAK52_6QBsACAdICJGU3ODE5NmQwLTk1MTctNDY3OS1hMjA1LTljYjVjMDIxZDUwNdgCBOACAQ&sid=227ff6033aebd29d4840b3ce59ae3a80&aid=304142&ucfs=1&arphpl=1&dest_id=148&dest_type=country&group_adults=2&req_adults=2&no_rooms=1&group_children=0&req_children=0&hpos=25&hapos=25&sr_order=popularity&srpvid=40f27d2342b700ba&srepoch=1646243273&from_sustainable_property_sr=1&from=searchresults&map=1,Pokhara,"Located in Pokhara, a 7-minute walk from Fewa Lake, Mount View Pokhara provides accommodations with a restaurant, free private parking, a bar and a shared lounge.",https://www.booking.com/hotel/np/mount-view-pokhara.html?label=gen173nr-1DCAEoggI46AdIM1gEaKsBiAEBmAExuAEYyAEM2AED6AEB-AEDiAIBqAIEuAK52_6QBsACAdICJGU3ODE5NmQwLTk1MTctNDY3OS1hMjA1LTljYjVjMDIxZDUwNdgCBOACAQ&sid=227ff6033aebd29d4840b3ce59ae3a80&aid=304142&ucfs=1&arphpl=1&dest_id=148&dest_type=country&group_adults=2&req_adults=2&no_rooms=1&group_children=0&req_children=0&hpos=25&hapos=25&sr_order=popularity&srpvid=40f27d2342b700ba&srepoch=1646243273&from_sustainable_property_sr=1&from=searchresults#hotelTmpl,8.6,Excellent,40 reviews,Travel Sustainable property,,,
https://www.booking.com/hotel/np/kathmandu-grand.html?label=gen173nr-1DCAEoggI46AdIM1gEaKsBiAEBmAExuAEYyAEM2AED6AEB-AEDiAIBqAIEuAK52_6QBsACAdICJGU3ODE5NmQwLTk1MTctNDY3OS1hMjA1LTljYjVjMDIxZDUwNdgCBOACAQ&sid=227ff6033aebd29d4840b3ce59ae3a80&aid=304142&ucfs=1&arphpl=1&dest_id=148&dest_type=country&group_adults=2&req_adults=2&no_rooms=1&group_children=0&req_children=0&hpos=1&hapos=26&sr_order=popularity&srpvid=40f27d2342b700ba&srepoch=1646243350&from=searchresults#hotelTmpl,https://cf.bstatic.com/xdata/images/hotel/square200/65775791.webp?k=f289260a7ba0a928e42afc4601e4612da3c1820bea144d5a6234427706c9c77e&o=&s=1,Kathmandu Grand Hotel,https://www.booking.com/hotel/np/kathmandu-grand.html?label=gen173nr-1DCAEoggI46AdIM1gEaKsBiAEBmAExuAEYyAEM2AED6AEB-AEDiAIBqAIEuAK52_6QBsACAdICJGU3ODE5NmQwLTk1MTctNDY3OS1hMjA1LTljYjVjMDIxZDUwNdgCBOACAQ&sid=227ff6033aebd29d4840b3ce59ae3a80&aid=304142&ucfs=1&arphpl=1&dest_id=148&dest_type=country&group_adults=2&req_adults=2&no_rooms=1&group_children=0&req_children=0&hpos=1&hapos=26&sr_order=popularity&srpvid=40f27d2342b700ba&srepoch=1646243350&from=searchresults&map=1,"Thamel, Kathmandu","Offering free airport pickup, Kathmandu Grand Hotel is set in the Thamel district in Kathmandu, 1640 feet from Thamel Chowk. Guests can enjoy the on-site restaurant.",https://www.booking.com/hotel/np/kathmandu-grand.html?label=gen173nr-1DCAEoggI46AdIM1gEaKsBiAEBmAExuAEYyAEM2AED6AEB-AEDiAIBqAIEuAK52_6QBsACAdICJGU3ODE5NmQwLTk1MTctNDY3OS1hMjA1LTljYjVjMDIxZDUwNdgCBOACAQ&sid=227ff6033aebd29d4840b3ce59ae3a80&aid=304142&ucfs=1&arphpl=1&dest_id=148&dest_type=country&group_adults=2&req_adults=2&no_rooms=1&group_children=0&req_children=0&hpos=1&hapos=26&sr_order=popularity&srpvid=40f27d2342b700ba&srepoch=1646243350&from=searchresults#hotelTmpl,8.3,Very Good,244 reviews,,,,
https://www.booking.com/hotel/np/elegant.html?label=gen173nr-1DCAEoggI46AdIM1gEaKsBiAEBmAExuAEYyAEM2AED6AEB-AEDiAIBqAIEuAK52_6QBsACAdICJGU3ODE5NmQwLTk1MTctNDY3OS1hMjA1LTljYjVjMDIxZDUwNdgCBOACAQ&sid=227ff6033aebd29d4840b3ce59ae3a80&aid=304142&ucfs=1&arphpl=1&dest_id=148&dest_type=country&group_adults=2&req_adults=2&no_rooms=1&group_children=0&req_children=0&hpos=2&hapos=27&sr_order=popularity&srpvid=40f27d2342b700ba&srepoch=1646243350&from=searchresults#hotelTmpl,https://cf.bstatic.com/xdata/images/hotel/square200/295538717.webp?k=b0acc0111b79394d2edf7f8ba7afb4c22d75b0157a7b5b80a0128cb4adf13e61&o=&s=1,Hotel Elegant,https://www.booking.com/hotel/np/elegant.html?label=gen173nr-1DCAEoggI46AdIM1gEaKsBiAEBmAExuAEYyAEM2AED6AEB-AEDiAIBqAIEuAK52_6QBsACAdICJGU3ODE5NmQwLTk1MTctNDY3OS1hMjA1LTljYjVjMDIxZDUwNdgCBOACAQ&sid=227ff6033aebd29d4840b3ce59ae3a80&aid=304142&ucfs=1&arphpl=1&dest_id=148&dest_type=country&group_adults=2&req_adults=2&no_rooms=1&group_children=0&req_children=0&hpos=2&hapos=27&sr_order=popularity&srpvid=40f27d2342b700ba&srepoch=1646243350&from=searchresults&map=1,Pokhara,"Located in Pokhara, a 7-minute walk from Fewa Lake, Hotel Elegant has accommodations with a restaurant, free private parking, a shared lounge and a garden.",https://www.booking.com/hotel/np/elegant.html?label=gen173nr-1DCAEoggI46AdIM1gEaKsBiAEBmAExuAEYyAEM2AED6AEB-AEDiAIBqAIEuAK52_6QBsACAdICJGU3ODE5NmQwLTk1MTctNDY3OS1hMjA1LTljYjVjMDIxZDUwNdgCBOACAQ&sid=227ff6033aebd29d4840b3ce59ae3a80&aid=304142&ucfs=1&arphpl=1&dest_id=148&dest_type=country&group_adults=2&req_adults=2&no_rooms=1&group_children=0&req_children=0&hpos=2&hapos=27&sr_order=popularity&srpvid=40f27d2342b700ba&srepoch=1646243350&from=searchresults#hotelTmpl,9.3,Wonderful,9 reviews,,https://www.booking.com/hotel/np/elegant.html?label=gen173nr-1DCAEoggI46AdIM1gEaKsBiAEBmAExuAEYyAEM2AED6AEB-AEDiAIBqAIEuAK52_6QBsACAdICJGU3ODE5NmQwLTk1MTctNDY3OS1hMjA1LTljYjVjMDIxZDUwNdgCBOACAQ&sid=227ff6033aebd29d4840b3ce59ae3a80&aid=304142&ucfs=1&arphpl=1&dest_id=148&dest_type=country&group_adults=2&req_adults=2&no_rooms=1&group_children=0&req_children=0&hpos=2&hapos=27&sr_order=popularity&srpvid=40f27d2342b700ba&srepoch=1646243350&from=searchresults#hotelTmpl,Location 9.4,Opens in new window
https://www.booking.com/hotel/np/le-himalaya.html?label=gen173nr-1DCAEoggI46AdIM1gEaKsBiAEBmAExuAEYyAEM2AED6AEB-AEDiAIBqAIEuAK52_6QBsACAdICJGU3ODE5NmQwLTk1MTctNDY3OS1hMjA1LTljYjVjMDIxZDUwNdgCBOACAQ&sid=227ff6033aebd29d4840b3ce59ae3a80&aid=304142&ucfs=1&arphpl=1&dest_id=148&dest_type=country&group_adults=2&req_adults=2&no_rooms=1&group_children=0&req_children=0&hpos=3&hapos=28&sr_order=popularity&srpvid=40f27d2342b700ba&srepoch=1646243350&from_sustainable_property_sr=1&from=searchresults#hotelTmpl,https://cf.bstatic.com/xdata/images/hotel/square200/223281143.webp?k=1a45d6f21bfb65c720fa082e10fa08174852a1cc279e93bda44e03c0077363ec&o=&s=1,Hotel Le Himalaya,https://www.booking.com/hotel/np/le-himalaya.html?label=gen173nr-1DCAEoggI46AdIM1gEaKsBiAEBmAExuAEYyAEM2AED6AEB-AEDiAIBqAIEuAK52_6QBsACAdICJGU3ODE5NmQwLTk1MTctNDY3OS1hMjA1LTljYjVjMDIxZDUwNdgCBOACAQ&sid=227ff6033aebd29d4840b3ce59ae3a80&aid=304142&ucfs=1&arphpl=1&dest_id=148&dest_type=country&group_adults=2&req_adults=2&no_rooms=1&group_children=0&req_children=0&hpos=3&hapos=28&sr_order=popularity&srpvid=40f27d2342b700ba&srepoch=1646243350&from_sustainable_property_sr=1&from=searchresults&map=1,"Lazimpat, Kathmandu","Located in Kathmandu, 2 miles from Hanuman Dhoka, Hotel Le Himalaya provides accommodations with a restaurant, free private parking, a bar and a shared lounge.",https://www.booking.com/hotel/np/le-himalaya.html?label=gen173nr-1DCAEoggI46AdIM1gEaKsBiAEBmAExuAEYyAEM2AED6AEB-AEDiAIBqAIEuAK52_6QBsACAdICJGU3ODE5NmQwLTk1MTctNDY3OS1hMjA1LTljYjVjMDIxZDUwNdgCBOACAQ&sid=227ff6033aebd29d4840b3ce59ae3a80&aid=304142&ucfs=1&arphpl=1&dest_id=148&dest_type=country&group_adults=2&req_adults=2&no_rooms=1&group_children=0&req_children=0&hpos=3&hapos=28&sr_order=popularity&srpvid=40f27d2342b700ba&srepoch=1646243350&from_sustainable_property_sr=1&from=searchresults#hotelTmpl,8.9,Excellent,51 reviews,Travel Sustainable property,https://www.booking.com/hotel/np/le-himalaya.html?label=gen173nr-1DCAEoggI46AdIM1gEaKsBiAEBmAExuAEYyAEM2AED6AEB-AEDiAIBqAIEuAK52_6QBsACAdICJGU3ODE5NmQwLTk1MTctNDY3OS1hMjA1LTljYjVjMDIxZDUwNdgCBOACAQ&sid=227ff6033aebd29d4840b3ce59ae3a80&aid=304142&ucfs=1&arphpl=1&dest_id=148&dest_type=country&group_adults=2&req_adults=2&no_rooms=1&group_children=0&req_children=0&hpos=3&hapos=28&sr_order=popularity&srpvid=40f27d2342b700ba&srepoch=1646243350&from_sustainable_property_sr=1&from=searchresults#hotelTmpl,Location 9.4,Opens in new window
https://www.booking.com/hotel/np/hira-guest-house.html?label=gen173nr-1DCAEoggI46AdIM1gEaKsBiAEBmAExuAEYyAEM2AED6AEB-AEDiAIBqAIEuAK52_6QBsACAdICJGU3ODE5NmQwLTk1MTctNDY3OS1hMjA1LTljYjVjMDIxZDUwNdgCBOACAQ&sid=227ff6033aebd29d4840b3ce59ae3a80&aid=304142&ucfs=1&arphpl=1&dest_id=148&dest_type=country&group_adults=2&req_adults=2&no_rooms=1&group_children=0&req_children=0&hpos=4&hapos=29&sr_order=popularity&srpvid=40f27d2342b700ba&srepoch=1646243350&from=searchresults#hotelTmpl,https://cf.bstatic.com/xdata/images/hotel/square200/233105295.webp?k=acd1d3b3addec9fd5c8503197a1e9790c28a1987f32e243c6532b5000b8dd1d5&o=&s=1,Hira Guest House,https://www.booking.com/hotel/np/hira-guest-house.html?label=gen173nr-1DCAEoggI46AdIM1gEaKsBiAEBmAExuAEYyAEM2AED6AEB-AEDiAIBqAIEuAK52_6QBsACAdICJGU3ODE5NmQwLTk1MTctNDY3OS1hMjA1LTljYjVjMDIxZDUwNdgCBOACAQ&sid=227ff6033aebd29d4840b3ce59ae3a80&aid=304142&ucfs=1&arphpl=1&dest_id=148&dest_type=country&group_adults=2&req_adults=2&no_rooms=1&group_children=0&req_children=0&hpos=4&hapos=29&sr_order=popularity&srpvid=40f27d2342b700ba&srepoch=1646243350&from=searchresults&map=1,"Patan, PÄtan","Barely 164 feet away from Patan Golden Temple â€“ a UNESCO World Heritage Site, Hira Guest House offers a 24-hour front desk and free Wi-Fi throughout the property.",https://www.booking.com/hotel/np/hira-guest-house.html?label=gen173nr-1DCAEoggI46AdIM1gEaKsBiAEBmAExuAEYyAEM2AED6AEB-AEDiAIBqAIEuAK52_6QBsACAdICJGU3ODE5NmQwLTk1MTctNDY3OS1hMjA1LTljYjVjMDIxZDUwNdgCBOACAQ&sid=227ff6033aebd29d4840b3ce59ae3a80&aid=304142&ucfs=1&arphpl=1&dest_id=148&dest_type=country&group_adults=2&req_adults=2&no_rooms=1&group_children=0&req_children=0&hpos=4&hapos=29&sr_order=popularity&srpvid=40f27d2342b700ba&srepoch=1646243350&from=searchresults#hotelTmpl,9.0,Wonderful,21 reviews,,https://www.booking.com/hotel/np/hira-guest-house.html?label=gen173nr-1DCAEoggI46AdIM1gEaKsBiAEBmAExuAEYyAEM2AED6AEB-AEDiAIBqAIEuAK52_6QBsACAdICJGU3ODE5NmQwLTk1MTctNDY3OS1hMjA1LTljYjVjMDIxZDUwNdgCBOACAQ&sid=227ff6033aebd29d4840b3ce59ae3a80&aid=304142&ucfs=1&arphpl=1&dest_id=148&dest_type=country&group_adults=2&req_adults=2&no_rooms=1&group_children=0&req_children=0&hpos=4&hapos=29&sr_order=popularity&srpvid=40f27d2342b700ba&srepoch=1646243350&from=searchresults#hotelTmpl,Location 9.5,Opens in new window
https://www.booking.com/hotel/np/traditional-comfort.html?label=gen173nr-1DCAEoggI46AdIM1gEaKsBiAEBmAExuAEYyAEM2AED6AEB-AEDiAIBqAIEuAK52_6QBsACAdICJGU3ODE5NmQwLTk1MTctNDY3OS1hMjA1LTljYjVjMDIxZDUwNdgCBOACAQ&sid=227ff6033aebd29d4840b3ce59ae3a80&aid=304142&ucfs=1&arphpl=1&dest_id=148&dest_type=country&group_adults=2&req_adults=2&no_rooms=1&group_children=0&req_children=0&hpos=5&hapos=30&sr_order=popularity&srpvid=40f27d2342b700ba&srepoch=1646243350&from_sustainable_property_sr=1&from=searchresults#hotelTmpl,https://cf.bstatic.com/xdata/images/hotel/square200/83874077.webp?k=62f9f1c9c5c569a627b69e7b888ed7409e18cf187f399ac6e60a7a032b9c6c88&o=&s=1,Traditional Comfort Boutique Hotel,https://www.booking.com/hotel/np/traditional-comfort.html?label=gen173nr-1DCAEoggI46AdIM1gEaKsBiAEBmAExuAEYyAEM2AED6AEB-AEDiAIBqAIEuAK52_6QBsACAdICJGU3ODE5NmQwLTk1MTctNDY3OS1hMjA1LTljYjVjMDIxZDUwNdgCBOACAQ&sid=227ff6033aebd29d4840b3ce59ae3a80&aid=304142&ucfs=1&arphpl=1&dest_id=148&dest_type=country&group_adults=2&req_adults=2&no_rooms=1&group_children=0&req_children=0&hpos=5&hapos=30&sr_order=popularity&srpvid=40f27d2342b700ba&srepoch=1646243350&from_sustainable_property_sr=1&from=searchresults&map=1,Kathmandu,"Traditional Comfort Boutique Hotel in Kathmandu provides adults only accommodations with a restaurant, a bar and a shared lounge. This 3-star hotel offers a concierge service and a tour desk.",https://www.booking.com/hotel/np/traditional-comfort.html?label=gen173nr-1DCAEoggI46AdIM1gEaKsBiAEBmAExuAEYyAEM2AED6AEB-AEDiAIBqAIEuAK52_6QBsACAdICJGU3ODE5NmQwLTk1MTctNDY3OS1hMjA1LTljYjVjMDIxZDUwNdgCBOACAQ&sid=227ff6033aebd29d4840b3ce59ae3a80&aid=304142&ucfs=1&arphpl=1&dest_id=148&dest_type=country&group_adults=2&req_adults=2&no_rooms=1&group_children=0&req_children=0&hpos=5&hapos=30&sr_order=popularity&srpvid=40f27d2342b700ba&srepoch=1646243350&from_sustainable_property_sr=1&from=searchresults#hotelTmpl,9.2,Wonderful,19 reviews,Travel Sustainable property,,,
https://www.booking.com/hotel/np/babermahal-vilas.html?label=gen173nr-1DCAEoggI46AdIM1gEaKsBiAEBmAExuAEYyAEM2AED6AEB-AEDiAIBqAIEuAK52_6QBsACAdICJGU3ODE5NmQwLTk1MTctNDY3OS1hMjA1LTljYjVjMDIxZDUwNdgCBOACAQ&sid=227ff6033aebd29d4840b3ce59ae3a80&aid=304142&ucfs=1&arphpl=1&dest_id=148&dest_type=country&group_adults=2&req_adults=2&no_rooms=1&group_children=0&req_children=0&hpos=6&hapos=31&sr_order=popularity&srpvid=40f27d2342b700ba&srepoch=1646243350&from_sustainable_property_sr=1&from=searchresults#hotelTmpl,https://cf.bstatic.com/xdata/images/hotel/square200/80352278.webp?k=c9487c290bbeee1c076e55694d53dd64b03941134349dcc8789e209184770a24&o=&s=1,Baber Mahal Vilas,https://www.booking.com/hotel/np/babermahal-vilas.html?label=gen173nr-1DCAEoggI46AdIM1gEaKsBiAEBmAExuAEYyAEM2AED6AEB-AEDiAIBqAIEuAK52_6QBsACAdICJGU3ODE5NmQwLTk1MTctNDY3OS1hMjA1LTljYjVjMDIxZDUwNdgCBOACAQ&sid=227ff6033aebd29d4840b3ce59ae3a80&aid=304142&ucfs=1&arphpl=1&dest_id=148&dest_type=country&group_adults=2&req_adults=2&no_rooms=1&group_children=0&req_children=0&hpos=6&hapos=31&sr_order=popularity&srpvid=40f27d2342b700ba&srepoch=1646243350&from_sustainable_property_sr=1&from=searchresults&map=1,Kathmandu,"Located in Kathmandu, 2.3 miles from Hanuman Dhoka, Baber Mahal Vilas provides accommodations with a restaurant, free private parking, an outdoor swimming pool and a fitness center.",https://www.booking.com/hotel/np/babermahal-vilas.html?label=gen173nr-1DCAEoggI46AdIM1gEaKsBiAEBmAExuAEYyAEM2AED6AEB-AEDiAIBqAIEuAK52_6QBsACAdICJGU3ODE5NmQwLTk1MTctNDY3OS1hMjA1LTljYjVjMDIxZDUwNdgCBOACAQ&sid=227ff6033aebd29d4840b3ce59ae3a80&aid=304142&ucfs=1&arphpl=1&dest_id=148&dest_type=country&group_adults=2&req_adults=2&no_rooms=1&group_children=0&req_children=0&hpos=6&hapos=31&sr_order=popularity&srpvid=40f27d2342b700ba&srepoch=1646243350&from_sustainable_property_sr=1&from=searchresults#hotelTmpl,9.2,Wonderful,127 reviews,,,,
https://www.booking.com/hotel/np/nomad-kathmandu.html?label=gen173nr-1DCAEoggI46AdIM1gEaKsBiAEBmAExuAEYyAEM2AED6AEB-AEDiAIBqAIEuAK52_6QBsACAdICJGU3ODE5NmQwLTk1MTctNDY3OS1hMjA1LTljYjVjMDIxZDUwNdgCBOACAQ&sid=227ff6033aebd29d4840b3ce59ae3a80&aid=304142&ucfs=1&arphpl=1&dest_id=148&dest_type=country&group_adults=2&req_adults=2&no_rooms=1&group_children=0&req_children=0&hpos=7&hapos=32&sr_order=popularity&srpvid=40f27d2342b700ba&srepoch=1646243350&from=searchresults#hotelTmpl,https://cf.bstatic.com/xdata/images/hotel/square200/292954107.webp?k=b0f03d8db4cd046a7884addc62aecfb6e361e07e063caa0b2314b7b632812915&o=&s=1,Nomad Hotel,https://www.booking.com/hotel/np/nomad-kathmandu.html?label=gen173nr-1DCAEoggI46AdIM1gEaKsBiAEBmAExuAEYyAEM2AED6AEB-AEDiAIBqAIEuAK52_6QBsACAdICJGU3ODE5NmQwLTk1MTctNDY3OS1hMjA1LTljYjVjMDIxZDUwNdgCBOACAQ&sid=227ff6033aebd29d4840b3ce59ae3a80&aid=304142&ucfs=1&arphpl=1&dest_id=148&dest_type=country&group_adults=2&req_adults=2&no_rooms=1&group_children=0&req_children=0&hpos=7&hapos=32&sr_order=popularity&srpvid=40f27d2342b700ba&srepoch=1646243350&from=searchresults&map=1,"Lazimpat, Kathmandu","Located in Kathmandu and with Kathmandu Durbar Square reachable within 1.6 miles, Nomad Hotel provides express check-in and check-out, allergy-free rooms, a restaurant, free WiFi throughout the...",https://www.booking.com/hotel/np/nomad-kathmandu.html?label=gen173nr-1DCAEoggI46AdIM1gEaKsBiAEBmAExuAEYyAEM2AED6AEB-AEDiAIBqAIEuAK52_6QBsACAdICJGU3ODE5NmQwLTk1MTctNDY3OS1hMjA1LTljYjVjMDIxZDUwNdgCBOACAQ&sid=227ff6033aebd29d4840b3ce59ae3a80&aid=304142&ucfs=1&arphpl=1&dest_id=148&dest_type=country&group_adults=2&req_adults=2&no_rooms=1&group_children=0&req_children=0&hpos=7&hapos=32&sr_order=popularity&srpvid=40f27d2342b700ba&srepoch=1646243350&from=searchresults#hotelTmpl,8.8,Excellent,5 reviews,,,,
https://www.booking.com/hotel/np/everest-international-deluxe-butwal1.html?label=gen173nr-1DCAEoggI46AdIM1gEaKsBiAEBmAExuAEYyAEM2AED6AEB-AEDiAIBqAIEuAK52_6QBsACAdICJGU3ODE5NmQwLTk1MTctNDY3OS1hMjA1LTljYjVjMDIxZDUwNdgCBOACAQ&sid=227ff6033aebd29d4840b3ce59ae3a80&aid=304142&ucfs=1&arphpl=1&dest_id=148&dest_type=country&group_adults=2&req_adults=2&no_rooms=1&group_children=0&req_children=0&hpos=8&hapos=33&sr_order=popularity&srpvid=40f27d2342b700ba&srepoch=1646243350&from_sustainable_property_sr=1&from=searchresults#hotelTmpl,https://cf.bstatic.com/xdata/images/hotel/square200/213410199.webp?k=bbffcfb8b268e2cd0e78dd342358abd53d2094bf3e192d79800e15c657ad4935&o=&s=1,Everest International deluxe Hotel,https://www.booking.com/hotel/np/everest-international-deluxe-butwal1.html?label=gen173nr-1DCAEoggI46AdIM1gEaKsBiAEBmAExuAEYyAEM2AED6AEB-AEDiAIBqAIEuAK52_6QBsACAdICJGU3ODE5NmQwLTk1MTctNDY3OS1hMjA1LTljYjVjMDIxZDUwNdgCBOACAQ&sid=227ff6033aebd29d4840b3ce59ae3a80&aid=304142&ucfs=1&arphpl=1&dest_id=148&dest_type=country&group_adults=2&req_adults=2&no_rooms=1&group_children=0&req_children=0&hpos=8&hapos=33&sr_order=popularity&srpvid=40f27d2342b700ba&srepoch=1646243350&from_sustainable_property_sr=1&from=searchresults&map=1,ButwÄl,"Located in ButwÄl, Everest International deluxe Hotel has a bar and a shared lounge. Among the facilities of this property are a restaurant, a 24-hour front desk and room service, along with free...",https://www.booking.com/hotel/np/everest-international-deluxe-butwal1.html?label=gen173nr-1DCAEoggI46AdIM1gEaKsBiAEBmAExuAEYyAEM2AED6AEB-AEDiAIBqAIEuAK52_6QBsACAdICJGU3ODE5NmQwLTk1MTctNDY3OS1hMjA1LTljYjVjMDIxZDUwNdgCBOACAQ&sid=227ff6033aebd29d4840b3ce59ae3a80&aid=304142&ucfs=1&arphpl=1&dest_id=148&dest_type=country&group_adults=2&req_adults=2&no_rooms=1&group_children=0&req_children=0&hpos=8&hapos=33&sr_order=popularity&srpvid=40f27d2342b700ba&srepoch=1646243350&from_sustainable_property_sr=1&from=searchresults#hotelTmpl,7.6,Good,69 reviews,,,,
https://www.booking.com/hotel/np/crowne-imperial.html?label=gen173nr-1DCAEoggI46AdIM1gEaKsBiAEBmAExuAEYyAEM2AED6AEB-AEDiAIBqAIEuAK52_6QBsACAdICJGU3ODE5NmQwLTk1MTctNDY3OS1hMjA1LTljYjVjMDIxZDUwNdgCBOACAQ&sid=227ff6033aebd29d4840b3ce59ae3a80&aid=304142&ucfs=1&arphpl=1&dest_id=148&dest_type=country&group_adults=2&req_adults=2&no_rooms=1&group_children=0&req_children=0&hpos=9&hapos=34&sr_order=popularity&srpvid=40f27d2342b700ba&srepoch=1646243350&from=searchresults#hotelTmpl,https://cf.bstatic.com/xdata/images/hotel/square200/196371648.webp?k=1ba9a63c18e6eb83a083cf43156e59d67eb22b28d2ed04a24e1da033e19f48e3&o=&s=1,Hotel Crowne Imperial,https://www.booking.com/hotel/np/crowne-imperial.html?label=gen173nr-1DCAEoggI46AdIM1gEaKsBiAEBmAExuAEYyAEM2AED6AEB-AEDiAIBqAIEuAK52_6QBsACAdICJGU3ODE5NmQwLTk1MTctNDY3OS1hMjA1LTljYjVjMDIxZDUwNdgCBOACAQ&sid=227ff6033aebd29d4840b3ce59ae3a80&aid=304142&ucfs=1&arphpl=1&dest_id=148&dest_type=country&group_adults=2&req_adults=2&no_rooms=1&group_children=0&req_children=0&hpos=9&hapos=34&sr_order=popularity&srpvid=40f27d2342b700ba&srepoch=1646243350&from=searchresults&map=1,Kathmandu,"Located in Kathmandu, 1.1 miles from Kathmandu Durbar Square, Hotel Crowne Imperial has accommodations with a restaurant, free private parking, an outdoor swimming pool and a fitness center.",https://www.booking.com/hotel/np/crowne-imperial.html?label=gen173nr-1DCAEoggI46AdIM1gEaKsBiAEBmAExuAEYyAEM2AED6AEB-AEDiAIBqAIEuAK52_6QBsACAdICJGU3ODE5NmQwLTk1MTctNDY3OS1hMjA1LTljYjVjMDIxZDUwNdgCBOACAQ&sid=227ff6033aebd29d4840b3ce59ae3a80&aid=304142&ucfs=1&arphpl=1&dest_id=148&dest_type=country&group_adults=2&req_adults=2&no_rooms=1&group_children=0&req_children=0&hpos=9&hapos=34&sr_order=popularity&srpvid=40f27d2342b700ba&srepoch=1646243350&from=searchresults#hotelTmpl,9.1,Wonderful,56 reviews,,,,
https://www.booking.com/hotel/np/basera-boutique-kathmandu.html?label=gen173nr-1DCAEoggI46AdIM1gEaKsBiAEBmAExuAEYyAEM2AED6AEB-AEDiAIBqAIEuAK52_6QBsACAdICJGU3ODE5NmQwLTk1MTctNDY3OS1hMjA1LTljYjVjMDIxZDUwNdgCBOACAQ&sid=227ff6033aebd29d4840b3ce59ae3a80&aid=304142&ucfs=1&arphpl=1&dest_id=148&dest_type=country&group_adults=2&req_adults=2&no_rooms=1&group_children=0&req_children=0&hpos=10&hapos=35&sr_order=popularity&srpvid=40f27d2342b700ba&srepoch=1646243350&from_sustainable_property_sr=1&from=searchresults#hotelTmpl,https://cf.bstatic.com/xdata/images/hotel/square200/336291645.webp?k=3440c4c5edcc86c60723b38c2d76b6baafc8d771a9a457b1d8ca9bcd3cb19cd4&o=&s=1,Basera Boutique Hotel,https://www.booking.com/hotel/np/basera-boutique-kathmandu.html?label=gen173nr-1DCAEoggI46AdIM1gEaKsBiAEBmAExuAEYyAEM2AED6AEB-AEDiAIBqAIEuAK52_6QBsACAdICJGU3ODE5NmQwLTk1MTctNDY3OS1hMjA1LTljYjVjMDIxZDUwNdgCBOACAQ&sid=227ff6033aebd29d4840b3ce59ae3a80&aid=304142&ucfs=1&arphpl=1&dest_id=148&dest_type=country&group_adults=2&req_adults=2&no_rooms=1&group_children=0&req_children=0&hpos=10&hapos=35&sr_order=popularity&srpvid=40f27d2342b700ba&srepoch=1646243350&from_sustainable_property_sr=1&from=searchresults&map=1,Kathmandu,"Located in Kathmandu, 2.2 miles from Hanuman Dhoka, Basera Boutique Hotel has accommodations with a restaurant, free private parking, an outdoor swimming pool and a bar.",,,,,,,,
https://www.booking.com/hotel/np/galaxy-guest-house.html?label=gen173nr-1DCAEoggI46AdIM1gEaKsBiAEBmAExuAEYyAEM2AED6AEB-AEDiAIBqAIEuAK52_6QBsACAdICJGU3ODE5NmQwLTk1MTctNDY3OS1hMjA1LTljYjVjMDIxZDUwNdgCBOACAQ&sid=227ff6033aebd29d4840b3ce59ae3a80&aid=304142&ucfs=1&arphpl=1&dest_id=148&dest_type=country&group_adults=2&req_adults=2&no_rooms=1&group_children=0&req_children=0&hpos=11&hapos=36&sr_order=popularity&srpvid=40f27d2342b700ba&srepoch=1646243350&from=searchresults#hotelTmpl,https://cf.bstatic.com/xdata/images/hotel/square200/223862542.webp?k=eac50dfa264f8762de21638151c8d99546b9609dd9022b4e88b7f7a40d0ae46b&o=&s=1,Galaxy Guest House,https://www.booking.com/hotel/np/galaxy-guest-house.html?label=gen173nr-1DCAEoggI46AdIM1gEaKsBiAEBmAExuAEYyAEM2AED6AEB-AEDiAIBqAIEuAK52_6QBsACAdICJGU3ODE5NmQwLTk1MTctNDY3OS1hMjA1LTljYjVjMDIxZDUwNdgCBOACAQ&sid=227ff6033aebd29d4840b3ce59ae3a80&aid=304142&ucfs=1&arphpl=1&dest_id=148&dest_type=country&group_adults=2&req_adults=2&no_rooms=1&group_children=0&req_children=0&hpos=11&hapos=36&sr_order=popularity&srpvid=40f27d2342b700ba&srepoch=1646243350&from=searchresults&map=1,BhairÄhawÄ,"Located in BhairÄhawÄ, 12 miles from Lumbini Museum, Galaxy Guest House provides accommodations with a restaurant, free private parking, a bar and a garden.",https://www.booking.com/hotel/np/galaxy-guest-house.html?label=gen173nr-1DCAEoggI46AdIM1gEaKsBiAEBmAExuAEYyAEM2AED6AEB-AEDiAIBqAIEuAK52_6QBsACAdICJGU3ODE5NmQwLTk1MTctNDY3OS1hMjA1LTljYjVjMDIxZDUwNdgCBOACAQ&sid=227ff6033aebd29d4840b3ce59ae3a80&aid=304142&ucfs=1&arphpl=1&dest_id=148&dest_type=country&group_adults=2&req_adults=2&no_rooms=1&group_children=0&req_children=0&hpos=11&hapos=36&sr_order=popularity&srpvid=40f27d2342b700ba&srepoch=1646243350&from=searchresults#hotelTmpl,8.9,Excellent,115 reviews,,,,
https://www.booking.com/hotel/np/himchuli-guest-house.html?label=gen173nr-1DCAEoggI46AdIM1gEaKsBiAEBmAExuAEYyAEM2AED6AEB-AEDiAIBqAIEuAK52_6QBsACAdICJGU3ODE5NmQwLTk1MTctNDY3OS1hMjA1LTljYjVjMDIxZDUwNdgCBOACAQ&sid=227ff6033aebd29d4840b3ce59ae3a80&aid=304142&ucfs=1&arphpl=1&dest_id=148&dest_type=country&group_adults=2&req_adults=2&no_rooms=1&group_children=0&req_children=0&hpos=12&hapos=37&sr_order=popularity&srpvid=40f27d2342b700ba&srepoch=1646243350&from=searchresults#hotelTmpl,https://cf.bstatic.com/xdata/images/hotel/square200/130849112.webp?k=440693af445ebdfa6516cfdda86e9ab1cc2f969c817b216dc50b54993b6e2175&o=&s=1,Himchuli Guest House,https://www.booking.com/hotel/np/himchuli-guest-house.html?label=gen173nr-1DCAEoggI46AdIM1gEaKsBiAEBmAExuAEYyAEM2AED6AEB-AEDiAIBqAIEuAK52_6QBsACAdICJGU3ODE5NmQwLTk1MTctNDY3OS1hMjA1LTljYjVjMDIxZDUwNdgCBOACAQ&sid=227ff6033aebd29d4840b3ce59ae3a80&aid=304142&ucfs=1&arphpl=1&dest_id=148&dest_type=country&group_adults=2&req_adults=2&no_rooms=1&group_children=0&req_children=0&hpos=12&hapos=37&sr_order=popularity&srpvid=40f27d2342b700ba&srepoch=1646243350&from=searchresults&map=1,Bandipur,"Located in Bandipur, Himchuli Guest House has a restaurant, bar, terrace, and free WiFi. The guesthouse features family rooms.",https://www.booking.com/hotel/np/himchuli-guest-house.html?label=gen173nr-1DCAEoggI46AdIM1gEaKsBiAEBmAExuAEYyAEM2AED6AEB-AEDiAIBqAIEuAK52_6QBsACAdICJGU3ODE5NmQwLTk1MTctNDY3OS1hMjA1LTljYjVjMDIxZDUwNdgCBOACAQ&sid=227ff6033aebd29d4840b3ce59ae3a80&aid=304142&ucfs=1&arphpl=1&dest_id=148&dest_type=country&group_adults=2&req_adults=2&no_rooms=1&group_children=0&req_children=0&hpos=12&hapos=37&sr_order=popularity&srpvid=40f27d2342b700ba&srepoch=1646243350&from=searchresults#hotelTmpl,8.3,Very Good,163 reviews,,https://www.booking.com/hotel/np/himchuli-guest-house.html?label=gen173nr-1DCAEoggI46AdIM1gEaKsBiAEBmAExuAEYyAEM2AED6AEB-AEDiAIBqAIEuAK52_6QBsACAdICJGU3ODE5NmQwLTk1MTctNDY3OS1hMjA1LTljYjVjMDIxZDUwNdgCBOACAQ&sid=227ff6033aebd29d4840b3ce59ae3a80&aid=304142&ucfs=1&arphpl=1&dest_id=148&dest_type=country&group_adults=2&req_adults=2&no_rooms=1&group_children=0&req_children=0&hpos=12&hapos=37&sr_order=popularity&srpvid=40f27d2342b700ba&srepoch=1646243350&from=searchresults#hotelTmpl,Location 9.3,Opens in new window
https://www.booking.com/hotel/np/mount-princess.html?label=gen173nr-1DCAEoggI46AdIM1gEaKsBiAEBmAExuAEYyAEM2AED6AEB-AEDiAIBqAIEuAK52_6QBsACAdICJGU3ODE5NmQwLTk1MTctNDY3OS1hMjA1LTljYjVjMDIxZDUwNdgCBOACAQ&sid=227ff6033aebd29d4840b3ce59ae3a80&aid=304142&ucfs=1&arphpl=1&dest_id=148&dest_type=country&group_adults=2&req_adults=2&no_rooms=1&group_children=0&req_children=0&hpos=13&hapos=38&sr_order=popularity&srpvid=40f27d2342b700ba&srepoch=1646243350&from=searchresults#hotelTmpl,https://cf.bstatic.com/xdata/images/hotel/square200/216019975.webp?k=242f4eb1a00b0123a5fbdc80d280db7d4aeebef01f4fbbe429d63b0afe37bce1&o=&s=1,Mount Princess Hotel,https://www.booking.com/hotel/np/mount-princess.html?label=gen173nr-1DCAEoggI46AdIM1gEaKsBiAEBmAExuAEYyAEM2AED6AEB-AEDiAIBqAIEuAK52_6QBsACAdICJGU3ODE5NmQwLTk1MTctNDY3OS1hMjA1LTljYjVjMDIxZDUwNdgCBOACAQ&sid=227ff6033aebd29d4840b3ce59ae3a80&aid=304142&ucfs=1&arphpl=1&dest_id=148&dest_type=country&group_adults=2&req_adults=2&no_rooms=1&group_children=0&req_children=0&hpos=13&hapos=38&sr_order=popularity&srpvid=40f27d2342b700ba&srepoch=1646243350&from=searchresults&map=1,Dhulikhel,"Located in Dhulikhel, Mount Princess Hotel features a restaurant, bar, garden, and free WiFi throughout the property. Featuring family rooms, this property also provides guests with a playground.",https://www.booking.com/hotel/np/mount-princess.html?label=gen173nr-1DCAEoggI46AdIM1gEaKsBiAEBmAExuAEYyAEM2AED6AEB-AEDiAIBqAIEuAK52_6QBsACAdICJGU3ODE5NmQwLTk1MTctNDY3OS1hMjA1LTljYjVjMDIxZDUwNdgCBOACAQ&sid=227ff6033aebd29d4840b3ce59ae3a80&aid=304142&ucfs=1&arphpl=1&dest_id=148&dest_type=country&group_adults=2&req_adults=2&no_rooms=1&group_children=0&req_children=0&hpos=13&hapos=38&sr_order=popularity&srpvid=40f27d2342b700ba&srepoch=1646243350&from=searchresults#hotelTmpl,7.4,Good,155 reviews,,,,
https://www.booking.com/hotel/np/gaia-holiday-home.html?label=gen173nr-1DCAEoggI46AdIM1gEaKsBiAEBmAExuAEYyAEM2AED6AEB-AEDiAIBqAIEuAK52_6QBsACAdICJGU3ODE5NmQwLTk1MTctNDY3OS1hMjA1LTljYjVjMDIxZDUwNdgCBOACAQ&sid=227ff6033aebd29d4840b3ce59ae3a80&aid=304142&ucfs=1&arphpl=1&dest_id=148&dest_type=country&group_adults=2&req_adults=2&no_rooms=1&group_children=0&req_children=0&hpos=14&hapos=39&sr_order=popularity&srpvid=40f27d2342b700ba&srepoch=1646243350&from=searchresults#hotelTmpl,https://cf.bstatic.com/xdata/images/hotel/square200/283786032.webp?k=4d36217a59a6cb896079fcde91cf04bab2ae3ab5926154157b61594d52e0d9d4&o=&s=1,Gaia Holiday Home,https://www.booking.com/hotel/np/gaia-holiday-home.html?label=gen173nr-1DCAEoggI46AdIM1gEaKsBiAEBmAExuAEYyAEM2AED6AEB-AEDiAIBqAIEuAK52_6QBsACAdICJGU3ODE5NmQwLTk1MTctNDY3OS1hMjA1LTljYjVjMDIxZDUwNdgCBOACAQ&sid=227ff6033aebd29d4840b3ce59ae3a80&aid=304142&ucfs=1&arphpl=1&dest_id=148&dest_type=country&group_adults=2&req_adults=2&no_rooms=1&group_children=0&req_children=0&hpos=14&hapos=39&sr_order=popularity&srpvid=40f27d2342b700ba&srepoch=1646243350&from=searchresults&map=1,Dhulikhel,"Located in Dhulikhel, 20 mi from Kathmandu, Gaia Holiday Home features a barbecue and children's playground.",https://www.booking.com/hotel/np/gaia-holiday-home.html?label=gen173nr-1DCAEoggI46AdIM1gEaKsBiAEBmAExuAEYyAEM2AED6AEB-AEDiAIBqAIEuAK52_6QBsACAdICJGU3ODE5NmQwLTk1MTctNDY3OS1hMjA1LTljYjVjMDIxZDUwNdgCBOACAQ&sid=227ff6033aebd29d4840b3ce59ae3a80&aid=304142&ucfs=1&arphpl=1&dest_id=148&dest_type=country&group_adults=2&req_adults=2&no_rooms=1&group_children=0&req_children=0&hpos=14&hapos=39&sr_order=popularity&srpvid=40f27d2342b700ba&srepoch=1646243350&from=searchresults#hotelTmpl,8.8,Excellent,34 reviews,,,,
https://www.booking.com/hotel/np/allied.html?label=gen173nr-1DCAEoggI46AdIM1gEaKsBiAEBmAExuAEYyAEM2AED6AEB-AEDiAIBqAIEuAK52_6QBsACAdICJGU3ODE5NmQwLTk1MTctNDY3OS1hMjA1LTljYjVjMDIxZDUwNdgCBOACAQ&sid=227ff6033aebd29d4840b3ce59ae3a80&aid=304142&ucfs=1&arphpl=1&dest_id=148&dest_type=country&group_adults=2&req_adults=2&no_rooms=1&group_children=0&req_children=0&hpos=15&hapos=40&sr_order=popularity&srpvid=40f27d2342b700ba&srepoch=1646243350&from=searchresults#hotelTmpl,https://cf.bstatic.com/xdata/images/hotel/square200/207769484.webp?k=dcb133ab3286624b992f4d346d4df60056a3d353e94e500e4effbe2a542dc291&o=&s=1,Allied hotel,https://www.booking.com/hotel/np/allied.html?label=gen173nr-1DCAEoggI46AdIM1gEaKsBiAEBmAExuAEYyAEM2AED6AEB-AEDiAIBqAIEuAK52_6QBsACAdICJGU3ODE5NmQwLTk1MTctNDY3OS1hMjA1LTljYjVjMDIxZDUwNdgCBOACAQ&sid=227ff6033aebd29d4840b3ce59ae3a80&aid=304142&ucfs=1&arphpl=1&dest_id=148&dest_type=country&group_adults=2&req_adults=2&no_rooms=1&group_children=0&req_children=0&hpos=15&hapos=40&sr_order=popularity&srpvid=40f27d2342b700ba&srepoch=1646243350&from=searchresults&map=1,BÄlÄju,"Set in Kathmandu, 2.2 mi from Swayambhu, Allied hotel offers accommodations with a restaurant, free private parking, a bar and a shared lounge. With free WiFi, this hotel has a terrace.",https://www.booking.com/hotel/np/allied.html?label=gen173nr-1DCAEoggI46AdIM1gEaKsBiAEBmAExuAEYyAEM2AED6AEB-AEDiAIBqAIEuAK52_6QBsACAdICJGU3ODE5NmQwLTk1MTctNDY3OS1hMjA1LTljYjVjMDIxZDUwNdgCBOACAQ&sid=227ff6033aebd29d4840b3ce59ae3a80&aid=304142&ucfs=1&arphpl=1&dest_id=148&dest_type=country&group_adults=2&req_adults=2&no_rooms=1&group_children=0&req_children=0&hpos=15&hapos=40&sr_order=popularity&srpvid=40f27d2342b700ba&srepoch=1646243350&from=searchresults#hotelTmpl,8.4,Very Good,42 reviews,,,,
https://www.booking.com/hotel/np/buddha-maya-garden-and-resort.html?label=gen173nr-1DCAEoggI46AdIM1gEaKsBiAEBmAExuAEYyAEM2AED6AEB-AEDiAIBqAIEuAK52_6QBsACAdICJGU3ODE5NmQwLTk1MTctNDY3OS1hMjA1LTljYjVjMDIxZDUwNdgCBOACAQ&sid=227ff6033aebd29d4840b3ce59ae3a80&aid=304142&ucfs=1&arphpl=1&dest_id=148&dest_type=country&group_adults=2&req_adults=2&no_rooms=1&group_children=0&req_children=0&hpos=16&hapos=41&sr_order=popularity&srpvid=40f27d2342b700ba&srepoch=1646243350&from_sustainable_property_sr=1&from=searchresults#hotelTmpl,https://cf.bstatic.com/xdata/images/hotel/square200/96751359.webp?k=0459b1ef8c0590364668be0c48d820d999dbe609f204a45a577421e79d47f282&o=&s=1,Buddha Maya Garden by KGH Group,https://www.booking.com/hotel/np/buddha-maya-garden-and-resort.html?label=gen173nr-1DCAEoggI46AdIM1gEaKsBiAEBmAExuAEYyAEM2AED6AEB-AEDiAIBqAIEuAK52_6QBsACAdICJGU3ODE5NmQwLTk1MTctNDY3OS1hMjA1LTljYjVjMDIxZDUwNdgCBOACAQ&sid=227ff6033aebd29d4840b3ce59ae3a80&aid=304142&ucfs=1&arphpl=1&dest_id=148&dest_type=country&group_adults=2&req_adults=2&no_rooms=1&group_children=0&req_children=0&hpos=16&hapos=41&sr_order=popularity&srpvid=40f27d2342b700ba&srepoch=1646243350&from_sustainable_property_sr=1&from=searchresults&map=1,Rummindei,"Buddha Maya Garden by KGH Group is located within the Lumbini Heritage Site, about 8.1 mi from Gautam Buddha Airport. It offers free parking and an international restaurant.",https://www.booking.com/hotel/np/buddha-maya-garden-and-resort.html?label=gen173nr-1DCAEoggI46AdIM1gEaKsBiAEBmAExuAEYyAEM2AED6AEB-AEDiAIBqAIEuAK52_6QBsACAdICJGU3ODE5NmQwLTk1MTctNDY3OS1hMjA1LTljYjVjMDIxZDUwNdgCBOACAQ&sid=227ff6033aebd29d4840b3ce59ae3a80&aid=304142&ucfs=1&arphpl=1&dest_id=148&dest_type=country&group_adults=2&req_adults=2&no_rooms=1&group_children=0&req_children=0&hpos=16&hapos=41&sr_order=popularity&srpvid=40f27d2342b700ba&srepoch=1646243350&from_sustainable_property_sr=1&from=searchresults#hotelTmpl,7.4,Good,81 reviews,,,,
https://www.booking.com/hotel/np/bandipur-eco.html?label=gen173nr-1DCAEoggI46AdIM1gEaKsBiAEBmAExuAEYyAEM2AED6AEB-AEDiAIBqAIEuAK52_6QBsACAdICJGU3ODE5NmQwLTk1MTctNDY3OS1hMjA1LTljYjVjMDIxZDUwNdgCBOACAQ&sid=227ff6033aebd29d4840b3ce59ae3a80&aid=304142&ucfs=1&arphpl=1&dest_id=148&dest_type=country&group_adults=2&req_adults=2&no_rooms=1&group_children=0&req_children=0&hpos=17&hapos=42&sr_order=popularity&srpvid=40f27d2342b700ba&srepoch=1646243350&from=searchresults#hotelTmpl,https://cf.bstatic.com/xdata/images/hotel/square200/202999371.webp?k=7785e123cf7804f02a356d798185653ea3f9881af7a5b88c14e4eaac81eb0a8e&o=&s=1,Bandipur Eco Hotel,https://www.booking.com/hotel/np/bandipur-eco.html?label=gen173nr-1DCAEoggI46AdIM1gEaKsBiAEBmAExuAEYyAEM2AED6AEB-AEDiAIBqAIEuAK52_6QBsACAdICJGU3ODE5NmQwLTk1MTctNDY3OS1hMjA1LTljYjVjMDIxZDUwNdgCBOACAQ&sid=227ff6033aebd29d4840b3ce59ae3a80&aid=304142&ucfs=1&arphpl=1&dest_id=148&dest_type=country&group_adults=2&req_adults=2&no_rooms=1&group_children=0&req_children=0&hpos=17&hapos=42&sr_order=popularity&srpvid=40f27d2342b700ba&srepoch=1646243350&from=searchresults&map=1,Bandipur,"Bandipur Eco Hotel features a restaurant, free bikes, a bar and shared lounge in Bandipur. With free WiFi, this 2-star hotel offers room service and a concierge service.",https://www.booking.com/hotel/np/bandipur-eco.html?label=gen173nr-1DCAEoggI46AdIM1gEaKsBiAEBmAExuAEYyAEM2AED6AEB-AEDiAIBqAIEuAK52_6QBsACAdICJGU3ODE5NmQwLTk1MTctNDY3OS1hMjA1LTljYjVjMDIxZDUwNdgCBOACAQ&sid=227ff6033aebd29d4840b3ce59ae3a80&aid=304142&ucfs=1&arphpl=1&dest_id=148&dest_type=country&group_adults=2&req_adults=2&no_rooms=1&group_children=0&req_children=0&hpos=17&hapos=42&sr_order=popularity&srpvid=40f27d2342b700ba&srepoch=1646243350&from=searchresults#hotelTmpl,6.4,Review score,11 reviews,,,,
https://www.booking.com/hotel/np/everland-kathmandu.html?label=gen173nr-1DCAEoggI46AdIM1gEaKsBiAEBmAExuAEYyAEM2AED6AEB-AEDiAIBqAIEuAK52_6QBsACAdICJGU3ODE5NmQwLTk1MTctNDY3OS1hMjA1LTljYjVjMDIxZDUwNdgCBOACAQ&sid=227ff6033aebd29d4840b3ce59ae3a80&aid=304142&ucfs=1&arphpl=1&dest_id=148&dest_type=country&group_adults=2&req_adults=2&no_rooms=1&group_children=0&req_children=0&hpos=18&hapos=43&sr_order=popularity&srpvid=40f27d2342b700ba&srepoch=1646243350&from_sustainable_property_sr=1&from=searchresults#hotelTmpl,https://cf.bstatic.com/xdata/images/hotel/square200/293850849.webp?k=4b6a95a720bcb0b278a98eae9bcbd3890bbaa1aac4d00993cbf2fe76d03cb8aa&o=&s=1,Everland Kathmandu Hotel,https://www.booking.com/hotel/np/everland-kathmandu.html?label=gen173nr-1DCAEoggI46AdIM1gEaKsBiAEBmAExuAEYyAEM2AED6AEB-AEDiAIBqAIEuAK52_6QBsACAdICJGU3ODE5NmQwLTk1MTctNDY3OS1hMjA1LTljYjVjMDIxZDUwNdgCBOACAQ&sid=227ff6033aebd29d4840b3ce59ae3a80&aid=304142&ucfs=1&arphpl=1&dest_id=148&dest_type=country&group_adults=2&req_adults=2&no_rooms=1&group_children=0&req_children=0&hpos=18&hapos=43&sr_order=popularity&srpvid=40f27d2342b700ba&srepoch=1646243350&from_sustainable_property_sr=1&from=searchresults&map=1,"Thamel, Kathmandu","Located in Kathmandu, a 17-minute walk from Hanuman Dhoka, Everland Kathmandu Hotel has accommodations with a restaurant, free private parking, a bar and a garden.",https://www.booking.com/hotel/np/everland-kathmandu.html?label=gen173nr-1DCAEoggI46AdIM1gEaKsBiAEBmAExuAEYyAEM2AED6AEB-AEDiAIBqAIEuAK52_6QBsACAdICJGU3ODE5NmQwLTk1MTctNDY3OS1hMjA1LTljYjVjMDIxZDUwNdgCBOACAQ&sid=227ff6033aebd29d4840b3ce59ae3a80&aid=304142&ucfs=1&arphpl=1&dest_id=148&dest_type=country&group_adults=2&req_adults=2&no_rooms=1&group_children=0&req_children=0&hpos=18&hapos=43&sr_order=popularity&srpvid=40f27d2342b700ba&srepoch=1646243350&from_sustainable_property_sr=1&from=searchresults#hotelTmpl,9.3,Wonderful,113 reviews,Travel Sustainable property,https://www.booking.com/hotel/np/everland-kathmandu.html?label=gen173nr-1DCAEoggI46AdIM1gEaKsBiAEBmAExuAEYyAEM2AED6AEB-AEDiAIBqAIEuAK52_6QBsACAdICJGU3ODE5NmQwLTk1MTctNDY3OS1hMjA1LTljYjVjMDIxZDUwNdgCBOACAQ&sid=227ff6033aebd29d4840b3ce59ae3a80&aid=304142&ucfs=1&arphpl=1&dest_id=148&dest_type=country&group_adults=2&req_adults=2&no_rooms=1&group_children=0&req_children=0&hpos=18&hapos=43&sr_order=popularity&srpvid=40f27d2342b700ba&srepoch=1646243350&from_sustainable_property_sr=1&from=searchresults#hotelTmpl,Location 9.4,Opens in new window
https://www.booking.com/hotel/np/vastu-boutique.html?label=gen173nr-1DCAEoggI46AdIM1gEaKsBiAEBmAExuAEYyAEM2AED6AEB-AEDiAIBqAIEuAK52_6QBsACAdICJGU3ODE5NmQwLTk1MTctNDY3OS1hMjA1LTljYjVjMDIxZDUwNdgCBOACAQ&sid=227ff6033aebd29d4840b3ce59ae3a80&aid=304142&ucfs=1&arphpl=1&dest_id=148&dest_type=country&group_adults=2&req_adults=2&no_rooms=1&group_children=0&req_children=0&hpos=19&hapos=44&sr_order=popularity&srpvid=40f27d2342b700ba&srepoch=1646243350&from_sustainable_property_sr=1&from=searchresults#hotelTmpl,https://cf.bstatic.com/xdata/images/hotel/square200/318053986.webp?k=5a8f124e3e0cee6a59ab4c831927eecefacae6f2a0b6d681c6d32f40394c2608&o=&s=1,Vastu Boutique Hotel,https://www.booking.com/hotel/np/vastu-boutique.html?label=gen173nr-1DCAEoggI46AdIM1gEaKsBiAEBmAExuAEYyAEM2AED6AEB-AEDiAIBqAIEuAK52_6QBsACAdICJGU3ODE5NmQwLTk1MTctNDY3OS1hMjA1LTljYjVjMDIxZDUwNdgCBOACAQ&sid=227ff6033aebd29d4840b3ce59ae3a80&aid=304142&ucfs=1&arphpl=1&dest_id=148&dest_type=country&group_adults=2&req_adults=2&no_rooms=1&group_children=0&req_children=0&hpos=19&hapos=44&sr_order=popularity&srpvid=40f27d2342b700ba&srepoch=1646243350&from_sustainable_property_sr=1&from=searchresults&map=1,"Thamel, Kathmandu","Located in Kathmandu and with Hanuman Dhoka reachable within a 13-minute walk, Vastu Boutique Hotel provides concierge services, allergy-free rooms, a bar, free WiFi and a shared lounge.",https://www.booking.com/hotel/np/vastu-boutique.html?label=gen173nr-1DCAEoggI46AdIM1gEaKsBiAEBmAExuAEYyAEM2AED6AEB-AEDiAIBqAIEuAK52_6QBsACAdICJGU3ODE5NmQwLTk1MTctNDY3OS1hMjA1LTljYjVjMDIxZDUwNdgCBOACAQ&sid=227ff6033aebd29d4840b3ce59ae3a80&aid=304142&ucfs=1&arphpl=1&dest_id=148&dest_type=country&group_adults=2&req_adults=2&no_rooms=1&group_children=0&req_children=0&hpos=19&hapos=44&sr_order=popularity&srpvid=40f27d2342b700ba&srepoch=1646243350&from_sustainable_property_sr=1&from=searchresults#hotelTmpl,10,Exceptional,116 reviews,Travel Sustainable property,https://www.booking.com/hotel/np/vastu-boutique.html?label=gen173nr-1DCAEoggI46AdIM1gEaKsBiAEBmAExuAEYyAEM2AED6AEB-AEDiAIBqAIEuAK52_6QBsACAdICJGU3ODE5NmQwLTk1MTctNDY3OS1hMjA1LTljYjVjMDIxZDUwNdgCBOACAQ&sid=227ff6033aebd29d4840b3ce59ae3a80&aid=304142&ucfs=1&arphpl=1&dest_id=148&dest_type=country&group_adults=2&req_adults=2&no_rooms=1&group_children=0&req_children=0&hpos=19&hapos=44&sr_order=popularity&srpvid=40f27d2342b700ba&srepoch=1646243350&from_sustainable_property_sr=1&from=searchresults#hotelTmpl,Location 9.9,Opens in new window
https://www.booking.com/hotel/np/bandipur-village-inn.html?label=gen173nr-1DCAEoggI46AdIM1gEaKsBiAEBmAExuAEYyAEM2AED6AEB-AEDiAIBqAIEuAK52_6QBsACAdICJGU3ODE5NmQwLTk1MTctNDY3OS1hMjA1LTljYjVjMDIxZDUwNdgCBOACAQ&sid=227ff6033aebd29d4840b3ce59ae3a80&aid=304142&ucfs=1&arphpl=1&dest_id=148&dest_type=country&group_adults=2&req_adults=2&no_rooms=1&group_children=0&req_children=0&hpos=20&hapos=45&sr_order=popularity&srpvid=40f27d2342b700ba&srepoch=1646243350&from=searchresults#hotelTmpl,https://cf.bstatic.com/xdata/images/hotel/square200/236749546.webp?k=f57a8ee5faccda27772e9314830bc83de56c5cf3bd2aeb1985e1843665682668&o=&s=1,Bandipur Village Inn,https://www.booking.com/hotel/np/bandipur-village-inn.html?label=gen173nr-1DCAEoggI46AdIM1gEaKsBiAEBmAExuAEYyAEM2AED6AEB-AEDiAIBqAIEuAK52_6QBsACAdICJGU3ODE5NmQwLTk1MTctNDY3OS1hMjA1LTljYjVjMDIxZDUwNdgCBOACAQ&sid=227ff6033aebd29d4840b3ce59ae3a80&aid=304142&ucfs=1&arphpl=1&dest_id=148&dest_type=country&group_adults=2&req_adults=2&no_rooms=1&group_children=0&req_children=0&hpos=20&hapos=45&sr_order=popularity&srpvid=40f27d2342b700ba&srepoch=1646243350&from=searchresults&map=1,Bandipur,"Located in Bandipur, Bandipur Village Inn features a restaurant, bar, garden, and free WiFi throughout the property. Featuring family rooms, this property also provides guests with a terrace.",https://www.booking.com/hotel/np/bandipur-village-inn.html?label=gen173nr-1DCAEoggI46AdIM1gEaKsBiAEBmAExuAEYyAEM2AED6AEB-AEDiAIBqAIEuAK52_6QBsACAdICJGU3ODE5NmQwLTk1MTctNDY3OS1hMjA1LTljYjVjMDIxZDUwNdgCBOACAQ&sid=227ff6033aebd29d4840b3ce59ae3a80&aid=304142&ucfs=1&arphpl=1&dest_id=148&dest_type=country&group_adults=2&req_adults=2&no_rooms=1&group_children=0&req_children=0&hpos=20&hapos=45&sr_order=popularity&srpvid=40f27d2342b700ba&srepoch=1646243350&from=searchresults#hotelTmpl,7.8,Good,20 reviews,,,,
https://www.booking.com/hotel/np/bodhi-guest-house.html?label=gen173nr-1DCAEoggI46AdIM1gEaKsBiAEBmAExuAEYyAEM2AED6AEB-AEDiAIBqAIEuAK52_6QBsACAdICJGU3ODE5NmQwLTk1MTctNDY3OS1hMjA1LTljYjVjMDIxZDUwNdgCBOACAQ&sid=227ff6033aebd29d4840b3ce59ae3a80&aid=304142&ucfs=1&arphpl=1&dest_id=148&dest_type=country&group_adults=2&req_adults=2&no_rooms=1&group_children=0&req_children=0&hpos=21&hapos=46&sr_order=popularity&srpvid=40f27d2342b700ba&srepoch=1646243350&from=searchresults#hotelTmpl,https://cf.bstatic.com/xdata/images/hotel/square200/205725358.webp?k=ffc21cf4b6049910deec7cb909acb710d1ff8cb82ddeb830dbe29dcdbcf8a6bb&o=&s=1,Bodhi Guest House,https://www.booking.com/hotel/np/bodhi-guest-house.html?label=gen173nr-1DCAEoggI46AdIM1gEaKsBiAEBmAExuAEYyAEM2AED6AEB-AEDiAIBqAIEuAK52_6QBsACAdICJGU3ODE5NmQwLTk1MTctNDY3OS1hMjA1LTljYjVjMDIxZDUwNdgCBOACAQ&sid=227ff6033aebd29d4840b3ce59ae3a80&aid=304142&ucfs=1&arphpl=1&dest_id=148&dest_type=country&group_adults=2&req_adults=2&no_rooms=1&group_children=0&req_children=0&hpos=21&hapos=46&sr_order=popularity&srpvid=40f27d2342b700ba&srepoch=1646243350&from=searchresults&map=1,"Boudhha, Baudhatinchule","Located 656 feet from the Boudhnath Stupa, Bodhi Guest House offers free WiFi access. Each room here will provide you with a seating area. Featuring a shower, private bathroom also comes with...",https://www.booking.com/hotel/np/bodhi-guest-house.html?label=gen173nr-1DCAEoggI46AdIM1gEaKsBiAEBmAExuAEYyAEM2AED6AEB-AEDiAIBqAIEuAK52_6QBsACAdICJGU3ODE5NmQwLTk1MTctNDY3OS1hMjA1LTljYjVjMDIxZDUwNdgCBOACAQ&sid=227ff6033aebd29d4840b3ce59ae3a80&aid=304142&ucfs=1&arphpl=1&dest_id=148&dest_type=country&group_adults=2&req_adults=2&no_rooms=1&group_children=0&req_children=0&hpos=21&hapos=46&sr_order=popularity&srpvid=40f27d2342b700ba&srepoch=1646243350&from=searchresults#hotelTmpl,8.2,Very Good,109 reviews,,,,
https://www.booking.com/hotel/np/satyam.html?label=gen173nr-1DCAEoggI46AdIM1gEaKsBiAEBmAExuAEYyAEM2AED6AEB-AEDiAIBqAIEuAK52_6QBsACAdICJGU3ODE5NmQwLTk1MTctNDY3OS1hMjA1LTljYjVjMDIxZDUwNdgCBOACAQ&sid=227ff6033aebd29d4840b3ce59ae3a80&aid=304142&ucfs=1&arphpl=1&dest_id=148&dest_type=country&group_adults=2&req_adults=2&no_rooms=1&group_children=0&req_children=0&hpos=22&hapos=47&sr_order=popularity&srpvid=40f27d2342b700ba&srepoch=1646243350&from=searchresults#hotelTmpl,https://cf.bstatic.com/xdata/images/hotel/square200/182720662.webp?k=2526469f4f52f5489f0cb7c57585c990adc8ec2c74f9c1db04a53b7cf16bdf32&o=&s=1,Hotel Satyam,https://www.booking.com/hotel/np/satyam.html?label=gen173nr-1DCAEoggI46AdIM1gEaKsBiAEBmAExuAEYyAEM2AED6AEB-AEDiAIBqAIEuAK52_6QBsACAdICJGU3ODE5NmQwLTk1MTctNDY3OS1hMjA1LTljYjVjMDIxZDUwNdgCBOACAQ&sid=227ff6033aebd29d4840b3ce59ae3a80&aid=304142&ucfs=1&arphpl=1&dest_id=148&dest_type=country&group_adults=2&req_adults=2&no_rooms=1&group_children=0&req_children=0&hpos=22&hapos=47&sr_order=popularity&srpvid=40f27d2342b700ba&srepoch=1646243350&from=searchresults&map=1,Banepa,"Hotel Satyam is located in Banepa and features a garden. The property provides a 24-hour front desk, a shared kitchen and currency exchange for guests.",https://www.booking.com/hotel/np/satyam.html?label=gen173nr-1DCAEoggI46AdIM1gEaKsBiAEBmAExuAEYyAEM2AED6AEB-AEDiAIBqAIEuAK52_6QBsACAdICJGU3ODE5NmQwLTk1MTctNDY3OS1hMjA1LTljYjVjMDIxZDUwNdgCBOACAQ&sid=227ff6033aebd29d4840b3ce59ae3a80&aid=304142&ucfs=1&arphpl=1&dest_id=148&dest_type=country&group_adults=2&req_adults=2&no_rooms=1&group_children=0&req_children=0&hpos=22&hapos=47&sr_order=popularity&srpvid=40f27d2342b700ba&srepoch=1646243350&from=searchresults#hotelTmpl,7.8,Good,9 reviews,,,,
https://www.booking.com/hotel/np/swiss.html?label=gen173nr-1DCAEoggI46AdIM1gEaKsBiAEBmAExuAEYyAEM2AED6AEB-AEDiAIBqAIEuAK52_6QBsACAdICJGU3ODE5NmQwLTk1MTctNDY3OS1hMjA1LTljYjVjMDIxZDUwNdgCBOACAQ&sid=227ff6033aebd29d4840b3ce59ae3a80&aid=304142&ucfs=1&arphpl=1&dest_id=148&dest_type=country&group_adults=2&req_adults=2&no_rooms=1&group_children=0&req_children=0&hpos=23&hapos=48&sr_order=popularity&srpvid=40f27d2342b700ba&srepoch=1646243350&from=searchresults#hotelTmpl,https://cf.bstatic.com/xdata/images/hotel/square200/67608433.webp?k=fc15794064dbe8c33c83ced329537dc0fbdc10c29b4aa9d3ca14c2ddcc683685&o=&s=1,Hotel Swiss,https://www.booking.com/hotel/np/swiss.html?label=gen173nr-1DCAEoggI46AdIM1gEaKsBiAEBmAExuAEYyAEM2AED6AEB-AEDiAIBqAIEuAK52_6QBsACAdICJGU3ODE5NmQwLTk1MTctNDY3OS1hMjA1LTljYjVjMDIxZDUwNdgCBOACAQ&sid=227ff6033aebd29d4840b3ce59ae3a80&aid=304142&ucfs=1&arphpl=1&dest_id=148&dest_type=country&group_adults=2&req_adults=2&no_rooms=1&group_children=0&req_children=0&hpos=23&hapos=48&sr_order=popularity&srpvid=40f27d2342b700ba&srepoch=1646243350&from=searchresults&map=1,Pharping,"Located in Pharping, Hotel Swiss provides free WiFi, and guests can enjoy a restaurant, a garden and a terrace.",https://www.booking.com/hotel/np/swiss.html?label=gen173nr-1DCAEoggI46AdIM1gEaKsBiAEBmAExuAEYyAEM2AED6AEB-AEDiAIBqAIEuAK52_6QBsACAdICJGU3ODE5NmQwLTk1MTctNDY3OS1hMjA1LTljYjVjMDIxZDUwNdgCBOACAQ&sid=227ff6033aebd29d4840b3ce59ae3a80&aid=304142&ucfs=1&arphpl=1&dest_id=148&dest_type=country&group_adults=2&req_adults=2&no_rooms=1&group_children=0&req_children=0&hpos=23&hapos=48&sr_order=popularity&srpvid=40f27d2342b700ba&srepoch=1646243350&from=searchresults#hotelTmpl,9.2,Wonderful,21 reviews,,,,
https://www.booking.com/hotel/np/tashi-dhele.html?label=gen173nr-1DCAEoggI46AdIM1gEaKsBiAEBmAExuAEYyAEM2AED6AEB-AEDiAIBqAIEuAK52_6QBsACAdICJGU3ODE5NmQwLTk1MTctNDY3OS1hMjA1LTljYjVjMDIxZDUwNdgCBOACAQ&sid=227ff6033aebd29d4840b3ce59ae3a80&aid=304142&ucfs=1&arphpl=1&dest_id=148&dest_type=country&group_adults=2&req_adults=2&no_rooms=1&group_children=0&req_children=0&hpos=24&hapos=49&sr_order=popularity&srpvid=40f27d2342b700ba&srepoch=1646243350&from=searchresults#hotelTmpl,https://cf.bstatic.com/xdata/images/hotel/square200/187487167.webp?k=ff1be0ed9b4487f87e671ad4e80ec7055561617e3f4cc926870e7b2012f33548&o=&s=1,Kathmandu Nomad Hotel,https://www.booking.com/hotel/np/tashi-dhele.html?label=gen173nr-1DCAEoggI46AdIM1gEaKsBiAEBmAExuAEYyAEM2AED6AEB-AEDiAIBqAIEuAK52_6QBsACAdICJGU3ODE5NmQwLTk1MTctNDY3OS1hMjA1LTljYjVjMDIxZDUwNdgCBOACAQ&sid=227ff6033aebd29d4840b3ce59ae3a80&aid=304142&ucfs=1&arphpl=1&dest_id=148&dest_type=country&group_adults=2&req_adults=2&no_rooms=1&group_children=0&req_children=0&hpos=24&hapos=49&sr_order=popularity&srpvid=40f27d2342b700ba&srepoch=1646243350&from=searchresults&map=1,"Thamel, Kathmandu","Located in Kathmandu, an 18-minute walk from Hanuman Dhoka, Kathmandu Nomad Hotel provides accommodations with a restaurant, free private parking, a bar and a shared lounge.",https://www.booking.com/hotel/np/tashi-dhele.html?label=gen173nr-1DCAEoggI46AdIM1gEaKsBiAEBmAExuAEYyAEM2AED6AEB-AEDiAIBqAIEuAK52_6QBsACAdICJGU3ODE5NmQwLTk1MTctNDY3OS1hMjA1LTljYjVjMDIxZDUwNdgCBOACAQ&sid=227ff6033aebd29d4840b3ce59ae3a80&aid=304142&ucfs=1&arphpl=1&dest_id=148&dest_type=country&group_adults=2&req_adults=2&no_rooms=1&group_children=0&req_children=0&hpos=24&hapos=49&sr_order=popularity&srpvid=40f27d2342b700ba&srepoch=1646243350&from=searchresults#hotelTmpl,7.1,Good,257 reviews,,,,
https://www.booking.com/hotel/np/wawa.html?label=gen173nr-1DCAEoggI46AdIM1gEaKsBiAEBmAExuAEYyAEM2AED6AEB-AEDiAIBqAIEuAK52_6QBsACAdICJGU3ODE5NmQwLTk1MTctNDY3OS1hMjA1LTljYjVjMDIxZDUwNdgCBOACAQ&sid=227ff6033aebd29d4840b3ce59ae3a80&aid=304142&ucfs=1&arphpl=1&dest_id=148&dest_type=country&group_adults=2&req_adults=2&no_rooms=1&group_children=0&req_children=0&hpos=25&hapos=50&sr_order=popularity&srpvid=40f27d2342b700ba&srepoch=1646243350&from_sustainable_property_sr=1&from=searchresults#hotelTmpl,https://cf.bstatic.com/xdata/images/hotel/square200/285577591.webp?k=193f3b4dda5d28c7ded6b672c1deba07389467d903ac069f8406b897eea4c186&o=&s=1,Hotel Wawa,https://www.booking.com/hotel/np/wawa.html?label=gen173nr-1DCAEoggI46AdIM1gEaKsBiAEBmAExuAEYyAEM2AED6AEB-AEDiAIBqAIEuAK52_6QBsACAdICJGU3ODE5NmQwLTk1MTctNDY3OS1hMjA1LTljYjVjMDIxZDUwNdgCBOACAQ&sid=227ff6033aebd29d4840b3ce59ae3a80&aid=304142&ucfs=1&arphpl=1&dest_id=148&dest_type=country&group_adults=2&req_adults=2&no_rooms=1&group_children=0&req_children=0&hpos=25&hapos=50&sr_order=popularity&srpvid=40f27d2342b700ba&srepoch=1646243350&from_sustainable_property_sr=1&from=searchresults&map=1,"Lazimpat, Kathmandu","Located in Kathmandu, 1.4 miles from Hanuman Dhoka, Hotel Wawa has accommodations with a restaurant, free private parking, a bar and a shared lounge.",https://www.booking.com/hotel/np/wawa.html?label=gen173nr-1DCAEoggI46AdIM1gEaKsBiAEBmAExuAEYyAEM2AED6AEB-AEDiAIBqAIEuAK52_6QBsACAdICJGU3ODE5NmQwLTk1MTctNDY3OS1hMjA1LTljYjVjMDIxZDUwNdgCBOACAQ&sid=227ff6033aebd29d4840b3ce59ae3a80&aid=304142&ucfs=1&arphpl=1&dest_id=148&dest_type=country&group_adults=2&req_adults=2&no_rooms=1&group_children=0&req_children=0&hpos=25&hapos=50&sr_order=popularity&srpvid=40f27d2342b700ba&srepoch=1646243350&from_sustainable_property_sr=1&from=searchresults#hotelTmpl,9.2,Wonderful,61 reviews,,,,